decision_id,observe_index,action,start_utc,end_utc,duration_seconds,alt_deg,az_deg,program,assigned_count,hit_count,valid,invalidated_by
1,0,observe,2026-10-02T00:00:00Z,2026-10-02T00:07:30Z,450,51.3919,104.3742,DARK,14,14,true,
2,1,observe,2026-10-02T00:07:30Z,2026-10-02T00:12:30Z,300,51.2416,108.2422,DARK,14,14,true,
3,2,observe,2026-10-02T00:12:30Z,2026-10-02T00:17:30Z,300,52.5903,98.3807,DARK,11,11,true,
4,3,observe,2026-10-02T00:17:30Z,2026-10-02T00:42:30Z,1500,51.8280,115.0492,DARK,15,15,true,
5,4,observe,2026-10-02T00:42:30Z,2026-10-02T00:47:30Z,300,51.4022,99.5362,DARK,13,13,true,
6,5,observe,2026-10-02T00:47:30Z,2026-10-02T00:57:30Z,600,53.2833,113.1298,DARK,13,13,true,
7,6,observe,2026-10-02T00:57:30Z,2026-10-02T01:02:30Z,300,56.6761,101.3201,DARK,14,14,true,
8,7,observe,2026-10-02T01:02:30Z,2026-10-02T01:10:00Z,450,57.7835,99.6453,DARK,13,13,true,
9,8,observe,2026-10-02T01:10:00Z,2026-10-02T01:25:00Z,900,56.4492,98.0912,DARK,13,13,true,
10,9,observe,2026-10-02T01:25:00Z,2026-10-02T01:30:00Z,300,59.0394,108.1863,DARK,14,14,true,
11,10,observe,2026-10-02T01:30:00Z,2026-10-02T01:35:00Z,300,64.2524,118.8678,DARK,14,14,true,
12,11,observe,2026-10-02T01:35:00Z,2026-10-02T01:42:30Z,450,68.0130,98.5659,DARK,15,15,true,
13,12,observe,2026-10-02T01:42:30Z,2026-10-02T01:57:30Z,900,69.5733,85.1637,DARK,13,13,true,
14,13,observe,2026-10-02T01:57:30Z,2026-10-02T02:05:00Z,450,72.6481,106.6240,DARK,13,13,true,
15,14,observe,2026-10-02T02:05:00Z,2026-10-02T02:30:00Z,1500,67.2617,97.7075,DARK,14,14,true,
16,15,observe,2026-10-02T02:30:00Z,2026-10-02T02:40:00Z,600,76.0746,77.8699,DARK,14,14,true,
17,16,observe,2026-10-02T02:40:00Z,2026-10-02T03:00:00Z,1200,51.2185,139.9082,DARK,6,6,true,
18,17,observe,2026-10-02T03:00:00Z,2026-10-02T03:07:30Z,450,51.0949,139.6994,DARK,16,16,true,
19,18,observe,2026-10-02T03:07:30Z,2026-10-02T03:17:30Z,600,54.7085,131.7098,DARK,14,14,true,
20,19,observe,2026-10-02T03:17:30Z,2026-10-02T03:27:30Z,600,82.6735,231.6797,DARK,14,14,true,
21,20,observe,2026-10-02T03:27:30Z,2026-10-02T03:47:30Z,1200,51.2795,125.4950,DARK,9,9,true,
22,21,observe,2026-10-02T03:47:30Z,2026-10-02T03:57:30Z,600,76.9382,254.8749,DARK,14,14,true,
23,22,observe,2026-10-02T03:57:30Z,2026-10-02T04:05:00Z,450,76.7118,272.9936,DARK,10,10,true,
24,23,observe,2026-10-02T04:05:00Z,2026-10-02T04:10:00Z,300,78.9476,286.7336,DARK,14,14,true,
25,24,observe,2026-10-02T04:10:00Z,2026-10-02T04:20:00Z,600,71.8244,235.0576,DARK,14,14,true,
26,25,observe,2026-10-02T04:20:00Z,2026-10-02T04:25:00Z,300,76.7031,234.7174,DARK,14,14,true,
27,26,observe,2026-10-02T04:25:00Z,2026-10-02T04:30:00Z,300,55.5726,141.0829,DARK,15,15,true,
28,27,observe,2026-10-02T04:30:00Z,2026-10-02T04:35:00Z,300,76.6622,232.3064,DARK,11,11,true,
29,28,observe,2026-10-02T04:35:00Z,2026-10-02T04:42:30Z,450,54.8230,135.1186,DARK,13,13,true,
30,29,observe,2026-10-02T04:42:30Z,2026-10-02T04:50:00Z,450,57.4078,151.2463,DARK,15,15,true,
31,30,observe,2026-10-02T04:50:00Z,2026-10-02T05:15:00Z,1500,54.5508,165.3144,DARK,11,11,true,
32,31,observe,2026-10-02T05:15:00Z,2026-10-02T05:20:00Z,300,66.6280,138.1748,DARK,13,13,true,
33,32,observe,2026-10-02T05:20:00Z,2026-10-02T05:35:00Z,900,57.6460,149.1833,DARK,12,12,true,
34,33,observe,2026-10-02T05:35:00Z,2026-10-02T05:42:30Z,450,68.4082,187.1983,DARK,14,14,true,
35,34,observe,2026-10-02T05:42:30Z,2026-10-02T05:52:30Z,600,72.8232,186.6931,DARK,10,10,true,
36,35,observe,2026-10-02T05:52:30Z,2026-10-02T05:57:30Z,300,58.7532,185.2845,DARK,11,11,true,
37,36,observe,2026-10-02T05:57:30Z,2026-10-02T06:12:30Z,900,65.6533,188.3049,DARK,13,13,true,
38,37,observe,2026-10-02T06:12:30Z,2026-10-02T06:17:30Z,300,72.8411,201.0164,DARK,15,15,true,
39,38,observe,2026-10-02T06:17:30Z,2026-10-02T06:37:30Z,1200,49.7599,251.2648,DARK,15,15,true,
40,39,observe,2026-10-02T06:37:30Z,2026-10-02T07:02:30Z,1500,71.1198,211.1455,DARK,13,13,true,
41,40,observe,2026-10-02T07:02:30Z,2026-10-02T07:07:30Z,300,67.4114,212.2563,DARK,14,14,true,
42,41,observe,2026-10-02T07:07:30Z,2026-10-02T07:12:30Z,300,58.2266,203.5385,DARK,13,13,true,
43,42,observe,2026-10-02T07:12:30Z,2026-10-02T07:20:00Z,450,56.2164,193.8573,DARK,14,14,true,
44,43,observe,2026-10-02T07:20:00Z,2026-10-02T07:25:00Z,300,59.4773,211.5679,DARK,13,13,true,
45,44,observe,2026-10-02T07:25:00Z,2026-10-02T07:35:00Z,600,66.5705,217.3188,DARK,11,11,true,
46,45,observe,2026-10-02T07:35:00Z,2026-10-02T07:45:00Z,600,60.6508,215.1196,DARK,14,14,true,
47,46,observe,2026-10-02T07:45:00Z,2026-10-02T07:50:00Z,300,62.7491,210.9834,DARK,14,14,true,
48,47,observe,2026-10-02T07:50:00Z,2026-10-02T08:00:00Z,600,66.5966,219.1024,DARK,15,15,true,
49,48,observe,2026-10-02T08:00:00Z,2026-10-02T08:05:00Z,300,64.9971,224.4541,DARK,14,14,true,
50,49,observe,2026-10-02T08:05:00Z,2026-10-02T08:20:00Z,900,58.6752,207.1711,DARK,12,12,true,
51,50,observe,2026-10-02T08:20:00Z,2026-10-02T08:40:00Z,1200,55.8252,218.8235,DARK,12,12,true,
52,51,observe,2026-10-02T08:40:00Z,2026-10-02T08:47:30Z,450,53.1442,207.8264,DARK,13,13,true,
53,52,observe,2026-10-02T08:47:30Z,2026-10-02T08:57:30Z,600,55.0649,215.9623,DARK,14,14,true,
54,,wait,2026-10-02T08:57:30Z,2026-10-02T09:00:00Z,150,,,,0,0,true,
55,,wait,2026-10-02T09:00:00Z,2026-10-02T10:00:00Z,3600,,,,0,0,true,
56,,wait,2026-10-02T10:00:00Z,2026-10-02T11:00:00Z,3600,,,,0,0,true,
57,,wait,2026-10-02T11:00:00Z,2026-10-02T12:00:00Z,3600,,,,0,0,true,
58,,wait,2026-10-02T12:00:00Z,2026-10-02T13:00:00Z,3600,,,,0,0,true,
59,,wait,2026-10-02T13:00:00Z,2026-10-02T14:00:00Z,3600,,,,0,0,true,
60,,wait,2026-10-02T14:00:00Z,2026-10-02T15:00:00Z,3600,,,,0,0,true,
61,,wait,2026-10-02T15:00:00Z,2026-10-02T16:00:00Z,3600,,,,0,0,true,
62,,wait,2026-10-02T16:00:00Z,2026-10-02T17:00:00Z,3600,,,,0,0,true,
63,,wait,2026-10-02T17:00:00Z,2026-10-02T18:00:00Z,3600,,,,0,0,true,
64,,wait,2026-10-02T18:00:00Z,2026-10-02T19:00:00Z,3600,,,,0,0,true,
65,,wait,2026-10-02T19:00:00Z,2026-10-02T20:00:00Z,3600,,,,0,0,true,
66,,wait,2026-10-02T20:00:00Z,2026-10-02T21:00:00Z,3600,,,,0,0,true,
67,,wait,2026-10-02T21:00:00Z,2026-10-02T22:00:00Z,3600,,,,0,0,true,
68,,wait,2026-10-02T22:00:00Z,2026-10-02T23:00:00Z,3600,,,,0,0,true,
69,,wait,2026-10-02T23:00:00Z,2026-10-03T00:00:00Z,3600,,,,0,0,true,
70,53,observe,2026-10-03T00:00:00Z,2026-10-03T00:20:00Z,1200,52.3731,108.2265,DARK,11,11,true,
71,54,observe,2026-10-03T00:20:00Z,2026-10-03T00:35:00Z,900,57.0541,101.1127,DARK,12,12,true,
72,55,observe,2026-10-03T00:35:00Z,2026-10-03T01:00:00Z,1500,51.2624,99.5010,DARK,14,14,true,
73,56,observe,2026-10-03T01:00:00Z,2026-10-03T01:15:00Z,900,59.6466,103.6187,DARK,15,15,true,
74,57,observe,2026-10-03T01:15:00Z,2026-10-03T01:25:00Z,600,60.7391,115.0801,DARK,13,13,true,
75,58,observe,2026-10-03T01:25:00Z,2026-10-03T01:35:00Z,600,60.5308,108.2824,DARK,12,12,true,
76,59,observe,2026-10-03T01:35:00Z,2026-10-03T01:42:30Z,450,63.9269,87.2013,DARK,13,13,true,
77,60,observe,2026-10-03T01:42:30Z,2026-10-03T01:50:00Z,450,68.2850,84.6361,DARK,12,12,true,
78,61,observe,2026-10-03T01:50:00Z,2026-10-03T02:20:00Z,1800,73.6991,115.4204,DARK,12,12,true,
79,62,observe,2026-10-03T02:20:00Z,2026-10-03T02:45:00Z,1500,74.0056,102.2278,DARK,12,12,true,
80,63,observe,2026-10-03T02:45:00Z,2026-10-03T02:50:00Z,300,51.0503,144.3972,DARK,7,7,true,
81,64,observe,2026-10-03T02:50:00Z,2026-10-03T03:00:00Z,600,51.7207,125.7306,DARK,15,15,true,
82,65,observe,2026-10-03T03:00:00Z,2026-10-03T03:25:00Z,1500,51.0828,140.1912,DARK,14,14,true,
83,66,observe,2026-10-03T03:25:00Z,2026-10-03T03:50:00Z,1500,58.3337,133.2799,DARK,14,14,true,
84,67,observe,2026-10-03T03:50:00Z,2026-10-03T04:00:00Z,600,52.2852,135.2140,DARK,15,15,true,
85,68,observe,2026-10-03T04:00:00Z,2026-10-03T04:30:00Z,1800,52.4955,141.3863,DARK,13,13,true,
86,69,observe,2026-10-03T04:30:00Z,2026-10-03T04:45:00Z,900,51.5745,144.8452,DARK,16,16,true,
87,70,observe,2026-10-03T04:45:00Z,2026-10-03T04:50:00Z,300,53.3855,157.3672,DARK,12,12,true,
88,71,observe,2026-10-03T04:50:00Z,2026-10-03T05:10:00Z,1200,60.0363,145.6835,DARK,15,15,true,
89,72,observe,2026-10-03T05:10:00Z,2026-10-03T05:25:00Z,900,59.3705,145.9649,DARK,12,12,true,
90,73,observe,2026-10-03T05:25:00Z,2026-10-03T05:32:30Z,450,57.9371,177.0508,DARK,15,15,true,
91,74,observe,2026-10-03T05:32:30Z,2026-10-03T05:57:30Z,1500,69.9861,149.1753,DARK,15,15,true,
92,75,observe,2026-10-03T05:57:30Z,2026-10-03T06:17:30Z,1200,62.2764,184.2366,DARK,13,13,true,
93,76,observe,2026-10-03T06:17:30Z,2026-10-03T06:32:30Z,900,65.0362,205.7157,DARK,13,13,true,
94,77,observe,2026-10-03T06:32:30Z,2026-10-03T06:47:30Z,900,63.1358,186.2956,DARK,15,15,true,
95,78,observe,2026-10-03T06:47:30Z,2026-10-03T07:07:30Z,1200,58.5421,208.8017,DARK,11,11,true,
96,79,observe,2026-10-03T07:07:30Z,2026-10-03T07:27:30Z,1200,70.3278,188.8212,DARK,14,14,true,
97,80,observe,2026-10-03T07:27:30Z,2026-10-03T07:57:30Z,1800,63.3778,191.3375,DARK,14,14,true,
98,81,observe,2026-10-03T07:57:30Z,2026-10-03T08:12:30Z,900,51.6978,205.4099,DARK,14,14,true,
99,82,observe,2026-10-03T08:12:30Z,2026-10-03T08:22:30Z,600,63.6831,224.6230,DARK,13,13,true,
100,83,observe,2026-10-03T08:22:30Z,2026-10-03T08:30:00Z,450,57.6904,216.9485,DARK,15,15,true,
101,84,observe,2026-10-03T08:30:00Z,2026-10-03T08:40:00Z,600,50.0704,233.9329,DARK,15,15,true,
102,85,observe,2026-10-03T08:40:00Z,2026-10-03T08:55:00Z,900,48.4273,221.7582,DARK,14,14,true,
103,86,observe,2026-10-03T08:55:00Z,2026-10-03T09:00:00Z,300,43.8387,227.8599,DARK,12,12,true,
104,,wait,2026-10-03T09:00:00Z,2026-10-03T10:00:00Z,3600,,,,0,0,true,
105,,wait,2026-10-03T10:00:00Z,2026-10-03T11:00:00Z,3600,,,,0,0,true,
106,,wait,2026-10-03T11:00:00Z,2026-10-03T12:00:00Z,3600,,,,0,0,true,
107,,wait,2026-10-03T12:00:00Z,2026-10-03T13:00:00Z,3600,,,,0,0,true,
108,,wait,2026-10-03T13:00:00Z,2026-10-03T14:00:00Z,3600,,,,0,0,true,
109,,wait,2026-10-03T14:00:00Z,2026-10-03T15:00:00Z,3600,,,,0,0,true,
110,,wait,2026-10-03T15:00:00Z,2026-10-03T16:00:00Z,3600,,,,0,0,true,
111,,wait,2026-10-03T16:00:00Z,2026-10-03T17:00:00Z,3600,,,,0,0,true,
112,,wait,2026-10-03T17:00:00Z,2026-10-03T18:00:00Z,3600,,,,0,0,true,
113,,wait,2026-10-03T18:00:00Z,2026-10-03T19:00:00Z,3600,,,,0,0,true,
114,,wait,2026-10-03T19:00:00Z,2026-10-03T20:00:00Z,3600,,,,0,0,true,
115,,wait,2026-10-03T20:00:00Z,2026-10-03T21:00:00Z,3600,,,,0,0,true,
116,,wait,2026-10-03T21:00:00Z,2026-10-03T22:00:00Z,3600,,,,0,0,true,
117,,wait,2026-10-03T22:00:00Z,2026-10-03T23:00:00Z,3600,,,,0,0,true,
118,,wait,2026-10-03T23:00:00Z,2026-10-04T00:00:00Z,3600,,,,0,0,true,
119,87,observe,2026-10-04T00:00:00Z,2026-10-04T00:20:00Z,1200,54.5681,105.9398,DARK,14,14,true,
120,88,observe,2026-10-04T00:20:00Z,2026-10-04T00:45:00Z,1500,58.9658,105.7277,DARK,14,14,true,
121,89,observe,2026-10-04T00:45:00Z,2026-10-04T01:25:00Z,2400,53.2733,109.2169,DARK,13,13,true,
122,90,observe,2026-10-04T01:25:00Z,2026-10-04T02:15:00Z,3000,63.4072,115.2895,DARK,14,14,true,
123,91,observe,2026-10-04T02:15:00Z,2026-10-04T02:20:00Z,300,82.9869,132.0488,DARK,15,15,true,
124,92,observe,2026-10-04T02:20:00Z,2026-10-04T02:25:00Z,300,79.8921,90.3396,DARK,16,16,true,
125,93,observe,2026-10-04T02:25:00Z,2026-10-04T02:40:00Z,900,75.9608,137.9736,DARK,13,13,true,
126,94,observe,2026-10-04T02:40:00Z,2026-10-04T03:30:00Z,3000,50.8680,123.7330,BRIGHT,13,13,true,
127,95,observe,2026-10-04T03:30:00Z,2026-10-04T04:20:00Z,3000,59.9145,131.1877,DARK,15,15,true,
128,96,observe,2026-10-04T04:20:00Z,2026-10-04T05:20:00Z,3600,56.9502,137.1836,DARK,12,12,true,
129,97,observe,2026-10-04T05:20:00Z,2026-10-04T05:25:00Z,300,57.6018,256.2574,DARK,14,14,true,
130,98,observe,2026-10-04T05:25:00Z,2026-10-04T05:30:00Z,300,58.6135,259.3671,DARK,15,15,true,
131,99,observe,2026-10-04T05:30:00Z,2026-10-04T05:35:00Z,300,56.5169,249.8873,DARK,11,11,true,
132,100,observe,2026-10-04T05:35:00Z,2026-10-04T05:40:00Z,300,59.6647,251.9971,DARK,14,14,true,
133,101,observe,2026-10-04T05:40:00Z,2026-10-04T06:10:00Z,1800,56.9906,243.5978,DARK,12,12,true,
134,102,observe,2026-10-04T06:10:00Z,2026-10-04T06:15:00Z,300,53.4698,265.6505,DARK,11,11,true,
135,103,observe,2026-10-04T06:15:00Z,2026-10-04T06:30:00Z,900,47.4616,260.4356,DARK,14,14,true,
136,104,observe,2026-10-04T06:30:00Z,2026-10-04T06:45:00Z,900,49.7229,245.1369,DARK,13,13,true,
137,105,observe,2026-10-04T06:45:00Z,2026-10-04T06:52:30Z,450,49.4894,251.0459,DARK,12,12,true,
138,106,observe,2026-10-04T06:52:30Z,2026-10-04T06:57:30Z,300,58.7782,206.3201,DARK,15,15,true,
139,107,observe,2026-10-04T06:57:30Z,2026-10-04T07:07:30Z,600,61.8802,215.4575,DARK,12,12,true,
140,108,observe,2026-10-04T07:07:30Z,2026-10-04T07:17:30Z,600,66.9189,216.1547,DARK,14,14,true,
141,109,observe,2026-10-04T07:17:30Z,2026-10-04T07:22:30Z,300,62.5917,227.1378,DARK,13,13,true,
142,110,observe,2026-10-04T07:22:30Z,2026-10-04T07:27:30Z,300,60.2606,211.3807,DARK,12,12,true,
143,111,observe,2026-10-04T07:27:30Z,2026-10-04T07:35:00Z,450,61.6942,214.8645,DARK,14,14,true,
144,112,observe,2026-10-04T07:35:00Z,2026-10-04T07:55:00Z,1200,63.1065,221.4770,DARK,14,14,true,
145,113,observe,2026-10-04T07:55:00Z,2026-10-04T08:02:30Z,450,61.5264,233.3371,DARK,12,12,true,
146,114,observe,2026-10-04T08:02:30Z,2026-10-04T08:12:30Z,600,63.1417,223.3411,DARK,12,12,true,
147,115,observe,2026-10-04T08:12:30Z,2026-10-04T08:17:30Z,300,53.4499,222.8636,BRIGHT,12,12,true,
148,116,observe,2026-10-04T08:17:30Z,2026-10-04T08:32:30Z,900,62.3846,220.2050,DARK,11,11,true,
149,117,observe,2026-10-04T08:32:30Z,2026-10-04T08:47:30Z,900,45.7972,225.2543,BRIGHT,14,14,true,
150,118,observe,2026-10-04T08:47:30Z,2026-10-04T08:52:30Z,300,47.0523,235.9173,BRIGHT,10,10,true,
151,119,observe,2026-10-04T08:52:30Z,2026-10-04T08:57:30Z,300,44.2034,233.2198,BRIGHT,12,12,true,
152,,wait,2026-10-04T08:57:30Z,2026-10-04T09:00:00Z,150,,,,0,0,true,
153,,wait,2026-10-04T09:00:00Z,2026-10-04T10:00:00Z,3600,,,,0,0,true,
154,,wait,2026-10-04T10:00:00Z,2026-10-04T11:00:00Z,3600,,,,0,0,true,
155,,wait,2026-10-04T11:00:00Z,2026-10-04T12:00:00Z,3600,,,,0,0,true,
156,,wait,2026-10-04T12:00:00Z,2026-10-04T13:00:00Z,3600,,,,0,0,true,
157,,wait,2026-10-04T13:00:00Z,2026-10-04T14:00:00Z,3600,,,,0,0,true,
158,,wait,2026-10-04T14:00:00Z,2026-10-04T15:00:00Z,3600,,,,0,0,true,
159,,wait,2026-10-04T15:00:00Z,2026-10-04T16:00:00Z,3600,,,,0,0,true,
160,,wait,2026-10-04T16:00:00Z,2026-10-04T17:00:00Z,3600,,,,0,0,true,
161,,wait,2026-10-04T17:00:00Z,2026-10-04T18:00:00Z,3600,,,,0,0,true,
162,,wait,2026-10-04T18:00:00Z,2026-10-04T19:00:00Z,3600,,,,0,0,true,
163,,wait,2026-10-04T19:00:00Z,2026-10-04T20:00:00Z,3600,,,,0,0,true,
164,,wait,2026-10-04T20:00:00Z,2026-10-04T21:00:00Z,3600,,,,0,0,true,
165,,wait,2026-10-04T21:00:00Z,2026-10-04T22:00:00Z,3600,,,,0,0,true,
166,,wait,2026-10-04T22:00:00Z,2026-10-04T23:00:00Z,3600,,,,0,0,true,
167,,wait,2026-10-04T23:00:00Z,2026-10-05T00:00:00Z,3600,,,,0,0,true,
168,120,observe,2026-10-05T00:00:00Z,2026-10-05T00:15:00Z,900,50.9903,105.1308,DARK,11,11,true,
169,121,observe,2026-10-05T00:15:00Z,2026-10-05T00:20:00Z,300,56.5227,113.7912,DARK,12,12,true,
170,122,observe,2026-10-05T00:20:00Z,2026-10-05T00:45:00Z,1500,57.5497,113.9721,DARK,12,12,true,
171,123,observe,2026-10-05T00:45:00Z,2026-10-05T01:10:00Z,1500,53.7086,105.8400,DARK,14,14,true,
172,124,observe,2026-10-05T01:10:00Z,2026-10-05T01:30:00Z,1200,60.6509,89.1243,DARK,12,12,true,
173,125,observe,2026-10-05T01:30:00Z,2026-10-05T01:45:00Z,900,67.2927,105.1309,DARK,11,11,true,
174,126,observe,2026-10-05T01:45:00Z,2026-10-05T02:00:00Z,900,73.1162,116.8647,DARK,13,13,true,
175,127,observe,2026-10-05T02:00:00Z,2026-10-05T02:05:00Z,300,68.3289,118.6659,DARK,11,11,true,
176,128,observe,2026-10-05T02:05:00Z,2026-10-05T02:20:00Z,900,68.0843,114.3252,DARK,10,10,true,
177,129,observe,2026-10-05T02:20:00Z,2026-10-05T02:40:00Z,1200,83.3759,118.7881,DARK,12,12,true,
178,130,observe,2026-10-05T02:40:00Z,2026-10-05T03:00:00Z,1200,87.2091,53.9509,DARK,14,14,true,
179,131,observe,2026-10-05T03:00:00Z,2026-10-05T03:20:00Z,1200,52.0420,143.3769,BRIGHT,14,14,true,
180,132,observe,2026-10-05T03:20:00Z,2026-10-05T03:25:00Z,300,51.0488,123.3067,BRIGHT,11,11,true,
181,133,observe,2026-10-05T03:25:00Z,2026-10-05T03:55:00Z,1800,53.3979,140.8640,BRIGHT,13,13,true,
182,134,observe,2026-10-05T03:55:00Z,2026-10-05T04:10:00Z,900,58.2554,147.7309,BRIGHT,12,12,true,
183,135,observe,2026-10-05T04:10:00Z,2026-10-05T04:25:00Z,900,79.3643,281.2299,DARK,12,12,true,
184,136,observe,2026-10-05T04:25:00Z,2026-10-05T04:55:00Z,1800,51.7489,148.6492,BRIGHT,12,12,true,
185,137,observe,2026-10-05T04:55:00Z,2026-10-05T05:00:00Z,300,56.2117,149.5661,BRIGHT,14,14,true,
186,138,observe,2026-10-05T05:00:00Z,2026-10-05T05:20:00Z,1200,57.5258,253.9200,BRIGHT,14,14,true,
187,139,observe,2026-10-05T05:20:00Z,2026-10-05T05:50:00Z,1800,64.6768,243.2220,BRIGHT,11,11,true,
188,140,observe,2026-10-05T05:50:00Z,2026-10-05T06:00:00Z,600,60.5754,163.2279,BRIGHT,13,13,true,
189,141,observe,2026-10-05T06:00:00Z,2026-10-05T06:20:00Z,1200,73.2195,170.9175,DARK,13,13,true,
190,142,observe,2026-10-05T06:20:00Z,2026-10-05T06:25:00Z,300,69.1089,199.8928,DARK,13,13,true,
191,143,observe,2026-10-05T06:25:00Z,2026-10-05T06:45:00Z,1200,67.9394,197.1625,DARK,16,16,true,
192,144,observe,2026-10-05T06:45:00Z,2026-10-05T06:50:00Z,300,47.2906,253.5288,DARK,12,12,true,
193,145,observe,2026-10-05T06:50:00Z,2026-10-05T07:10:00Z,1200,58.0426,187.7366,DARK,12,12,true,
194,,wait,2026-10-05T07:10:00Z,2026-10-05T07:15:00Z,300,,,,0,0,true,
195,,wait,2026-10-05T07:15:00Z,2026-10-05T07:30:00Z,900,,,,0,0,true,
196,,wait,2026-10-05T07:30:00Z,2026-10-05T07:45:00Z,900,,,,0,0,true,
197,,wait,2026-10-05T07:45:00Z,2026-10-05T08:00:00Z,900,,,,0,0,true,
198,,wait,2026-10-05T08:00:00Z,2026-10-05T08:15:00Z,900,,,,0,0,true,
199,,wait,2026-10-05T08:15:00Z,2026-10-05T08:30:00Z,900,,,,0,0,true,
200,146,observe,2026-10-05T08:30:00Z,2026-10-05T08:50:00Z,1200,51.9993,232.3058,DARK,12,12,true,
201,147,observe,2026-10-05T08:50:00Z,2026-10-05T08:55:00Z,300,46.3519,236.5176,BRIGHT,11,11,true,
202,148,observe,2026-10-05T08:55:00Z,2026-10-05T09:00:00Z,300,50.0156,235.8705,BRIGHT,10,10,true,
203,,wait,2026-10-05T09:00:00Z,2026-10-05T10:00:00Z,3600,,,,0,0,true,
204,,wait,2026-10-05T10:00:00Z,2026-10-05T11:00:00Z,3600,,,,0,0,true,
205,,wait,2026-10-05T11:00:00Z,2026-10-05T12:00:00Z,3600,,,,0,0,true,
206,,wait,2026-10-05T12:00:00Z,2026-10-05T13:00:00Z,3600,,,,0,0,true,
207,,wait,2026-10-05T13:00:00Z,2026-10-05T14:00:00Z,3600,,,,0,0,true,
208,,wait,2026-10-05T14:00:00Z,2026-10-05T15:00:00Z,3600,,,,0,0,true,
209,,wait,2026-10-05T15:00:00Z,2026-10-05T16:00:00Z,3600,,,,0,0,true,
210,,wait,2026-10-05T16:00:00Z,2026-10-05T17:00:00Z,3600,,,,0,0,true,
211,,wait,2026-10-05T17:00:00Z,2026-10-05T18:00:00Z,3600,,,,0,0,true,
212,,wait,2026-10-05T18:00:00Z,2026-10-05T19:00:00Z,3600,,,,0,0,true,
213,,wait,2026-10-05T19:00:00Z,2026-10-05T20:00:00Z,3600,,,,0,0,true,
214,,wait,2026-10-05T20:00:00Z,2026-10-05T21:00:00Z,3600,,,,0,0,true,
215,,wait,2026-10-05T21:00:00Z,2026-10-05T22:00:00Z,3600,,,,0,0,true,
216,,wait,2026-10-05T22:00:00Z,2026-10-05T23:00:00Z,3600,,,,0,0,true,
217,,wait,2026-10-05T23:00:00Z,2026-10-06T00:00:00Z,3600,,,,0,0,true,
218,149,observe,2026-10-06T00:00:00Z,2026-10-06T00:15:00Z,900,55.8792,105.7747,DARK,16,16,true,
219,150,observe,2026-10-06T00:15:00Z,2026-10-06T00:55:00Z,2400,52.5512,98.9466,DARK,13,13,true,
220,151,observe,2026-10-06T00:55:00Z,2026-10-06T01:05:00Z,600,54.2078,102.7789,DARK,12,12,true,
221,152,observe,2026-10-06T01:05:00Z,2026-10-06T01:10:00Z,300,68.2887,117.9697,DARK,10,10,true,
222,153,observe,2026-10-06T01:10:00Z,2026-10-06T01:40:00Z,1800,65.6479,107.6580,DARK,14,14,true,
223,154,observe,2026-10-06T01:40:00Z,2026-10-06T01:50:00Z,600,68.8536,107.6486,DARK,11,11,true,
224,155,observe,2026-10-06T01:50:00Z,2026-10-06T02:10:00Z,1200,66.6167,109.1587,DARK,10,10,true,
225,156,observe,2026-10-06T02:10:00Z,2026-10-06T02:35:00Z,1500,75.9800,75.5098,DARK,12,12,true,
226,157,observe,2026-10-06T02:35:00Z,2026-10-06T03:05:00Z,1800,51.3273,124.4060,DARK,12,12,true,
227,158,observe,2026-10-06T03:05:00Z,2026-10-06T03:20:00Z,900,53.0938,124.0443,DARK,13,13,true,
228,159,observe,2026-10-06T03:20:00Z,2026-10-06T03:40:00Z,1200,51.1773,123.4744,DARK,14,14,true,
229,160,observe,2026-10-06T03:40:00Z,2026-10-06T03:45:00Z,300,74.7307,256.7880,BACKUP,14,14,true,
230,161,observe,2026-10-06T03:45:00Z,2026-10-06T03:50:00Z,300,54.3876,129.3711,BRIGHT,13,13,true,
231,162,observe,2026-10-06T03:50:00Z,2026-10-06T03:57:30Z,450,55.2438,133.1964,BRIGHT,13,13,true,
232,163,observe,2026-10-06T03:57:30Z,2026-10-06T04:27:30Z,1800,56.5142,130.6978,BRIGHT,13,13,true,
233,164,observe,2026-10-06T04:27:30Z,2026-10-06T04:52:30Z,1500,63.2914,151.2196,BRIGHT,12,12,true,
234,165,observe,2026-10-06T04:52:30Z,2026-10-06T04:57:30Z,300,58.3042,172.8187,BRIGHT,11,11,true,
235,166,observe,2026-10-06T04:57:30Z,2026-10-06T05:07:30Z,600,56.9923,256.6391,BRIGHT,15,15,true,
236,167,observe,2026-10-06T05:07:30Z,2026-10-06T05:27:30Z,1200,54.7729,254.7234,BRIGHT,15,15,true,
237,168,observe,2026-10-06T05:27:30Z,2026-10-06T05:47:30Z,1200,62.1391,151.1321,BRIGHT,9,9,true,
238,169,observe,2026-10-06T05:47:30Z,2026-10-06T06:27:30Z,2400,46.2228,255.8847,BACKUP,14,14,true,
239,170,observe,2026-10-06T06:27:30Z,2026-10-06T06:32:30Z,300,41.4919,263.0354,BACKUP,10,10,true,
240,171,observe,2026-10-06T06:32:30Z,2026-10-06T06:57:30Z,1500,40.8319,258.4312,BACKUP,13,13,true,
241,172,observe,2026-10-06T06:57:30Z,2026-10-06T07:05:00Z,450,37.9993,257.6819,BACKUP,9,9,true,
242,173,observe,2026-10-06T07:05:00Z,2026-10-06T07:10:00Z,300,40.2182,254.8956,BACKUP,10,10,true,
243,174,observe,2026-10-06T07:10:00Z,2026-10-06T07:15:00Z,300,39.9328,258.1618,BACKUP,9,9,true,
244,175,observe,2026-10-06T07:15:00Z,2026-10-06T07:45:00Z,1800,39.0276,257.7474,BACKUP,10,10,true,
245,176,observe,2026-10-06T07:45:00Z,2026-10-06T07:50:00Z,300,58.0163,209.5467,BRIGHT,13,13,true,
246,177,observe,2026-10-06T07:50:00Z,2026-10-06T07:55:00Z,300,49.0493,217.6317,BACKUP,8,8,true,
247,178,observe,2026-10-06T07:55:00Z,2026-10-06T08:25:00Z,1800,52.4085,231.3040,BACKUP,13,13,true,
248,179,observe,2026-10-06T08:25:00Z,2026-10-06T08:30:00Z,300,49.4693,237.3328,BACKUP,10,10,true,
249,180,observe,2026-10-06T08:30:00Z,2026-10-06T08:35:00Z,300,52.8254,236.3411,BACKUP,9,9,true,
250,181,observe,2026-10-06T08:35:00Z,2026-10-06T08:40:00Z,300,48.5206,218.4763,BACKUP,12,12,true,
251,182,observe,2026-10-06T08:40:00Z,2026-10-06T08:45:00Z,300,43.7536,215.1319,BACKUP,10,10,true,
252,,wait,2026-10-06T08:45:00Z,2026-10-06T09:45:00Z,3600,,,,0,0,true,
253,,wait,2026-10-06T09:45:00Z,2026-10-06T10:45:00Z,3600,,,,0,0,true,
254,,wait,2026-10-06T10:45:00Z,2026-10-06T11:45:00Z,3600,,,,0,0,true,
255,,wait,2026-10-06T11:45:00Z,2026-10-06T12:45:00Z,3600,,,,0,0,true,
256,,wait,2026-10-06T12:45:00Z,2026-10-06T13:45:00Z,3600,,,,0,0,true,
257,,wait,2026-10-06T13:45:00Z,2026-10-06T14:45:00Z,3600,,,,0,0,true,
258,,wait,2026-10-06T14:45:00Z,2026-10-06T15:45:00Z,3600,,,,0,0,true,
259,,wait,2026-10-06T15:45:00Z,2026-10-06T16:45:00Z,3600,,,,0,0,true,
260,,wait,2026-10-06T16:45:00Z,2026-10-06T17:45:00Z,3600,,,,0,0,true,
261,,wait,2026-10-06T17:45:00Z,2026-10-06T18:45:00Z,3600,,,,0,0,true,
262,,wait,2026-10-06T18:45:00Z,2026-10-06T19:45:00Z,3600,,,,0,0,true,
263,,wait,2026-10-06T19:45:00Z,2026-10-06T20:45:00Z,3600,,,,0,0,true,
264,,wait,2026-10-06T20:45:00Z,2026-10-06T21:45:00Z,3600,,,,0,0,true,
265,,wait,2026-10-06T21:45:00Z,2026-10-06T22:45:00Z,3600,,,,0,0,true,
266,,wait,2026-10-06T22:45:00Z,2026-10-06T23:45:00Z,3600,,,,0,0,true,
267,,wait,2026-10-06T23:45:00Z,2026-10-07T00:15:00Z,1800,,,,0,0,true,
268,183,observe,2026-10-07T00:15:00Z,2026-10-07T00:45:00Z,1800,52.0135,108.9377,BACKUP,10,10,true,
269,184,observe,2026-10-07T00:45:00Z,2026-10-07T01:00:00Z,900,59.8959,117.0012,BRIGHT,11,11,true,
270,185,observe,2026-10-07T01:00:00Z,2026-10-07T01:05:00Z,300,59.1913,117.5729,BRIGHT,11,11,true,
271,186,observe,2026-10-07T01:05:00Z,2026-10-07T01:20:00Z,900,60.2053,117.9480,BRIGHT,11,11,true,
272,187,observe,2026-10-07T01:20:00Z,2026-10-07T01:25:00Z,300,71.6510,121.1750,BRIGHT,11,11,true,
273,188,observe,2026-10-07T01:25:00Z,2026-10-07T01:30:00Z,300,74.4022,119.1600,BRIGHT,10,10,true,
274,189,observe,2026-10-07T01:30:00Z,2026-10-07T01:50:00Z,1200,75.3512,118.1062,BRIGHT,11,11,true,
275,190,observe,2026-10-07T01:50:00Z,2026-10-07T02:50:00Z,3600,80.6661,117.3783,BRIGHT,14,14,true,
276,191,observe,2026-10-07T02:50:00Z,2026-10-07T03:30:00Z,2400,54.4121,125.2654,BACKUP,12,12,true,
277,192,observe,2026-10-07T03:30:00Z,2026-10-07T03:35:00Z,300,77.1894,264.2681,BACKUP,11,11,true,
278,193,observe,2026-10-07T03:35:00Z,2026-10-07T03:42:30Z,450,51.4158,142.2430,BRIGHT,14,14,true,
279,194,observe,2026-10-07T03:42:30Z,2026-10-07T04:02:30Z,1200,51.8074,143.1445,BRIGHT,13,13,true,
280,195,observe,2026-10-07T04:02:30Z,2026-10-07T04:52:30Z,3000,68.6438,257.0361,BRIGHT,14,14,true,
281,196,observe,2026-10-07T04:52:30Z,2026-10-07T04:57:30Z,300,60.3121,251.7222,BACKUP,8,8,true,
282,197,observe,2026-10-07T04:57:30Z,2026-10-07T05:05:00Z,450,62.6870,259.2223,BACKUP,11,11,true,
283,198,observe,2026-10-07T05:05:00Z,2026-10-07T06:05:00Z,3600,57.4166,262.2749,BACKUP,11,11,true,
284,199,observe,2026-10-07T06:05:00Z,2026-10-07T06:35:00Z,1800,48.8001,262.6183,BACKUP,9,9,true,
285,200,observe,2026-10-07T06:35:00Z,2026-10-07T06:40:00Z,300,43.6051,262.7107,BACKUP,7,7,true,
286,201,observe,2026-10-07T06:40:00Z,2026-10-07T07:20:00Z,2400,42.4725,262.3235,BACKUP,7,7,true,
287,202,observe,2026-10-07T07:20:00Z,2026-10-07T07:25:00Z,300,55.7452,216.8911,BACKUP,13,13,true,
288,203,observe,2026-10-07T07:25:00Z,2026-10-07T08:05:00Z,2400,55.5936,218.0803,BACKUP,12,12,true,
289,204,observe,2026-10-07T08:05:00Z,2026-10-07T08:10:00Z,300,56.0595,220.9071,BACKUP,11,11,true,
290,205,observe,2026-10-07T08:10:00Z,2026-10-07T08:40:00Z,1800,56.5331,224.6212,BACKUP,13,13,true,
291,206,observe,2026-10-07T08:40:00Z,2026-10-07T08:45:00Z,300,52.8884,238.2076,BACKUP,8,8,true,
292,,wait,2026-10-07T08:45:00Z,2026-10-07T09:45:00Z,3600,,,,0,0,true,
293,,wait,2026-10-07T09:45:00Z,2026-10-07T10:45:00Z,3600,,,,0,0,true,
294,,wait,2026-10-07T10:45:00Z,2026-10-07T11:45:00Z,3600,,,,0,0,true,
295,,wait,2026-10-07T11:45:00Z,2026-10-07T12:45:00Z,3600,,,,0,0,true,
296,,wait,2026-10-07T12:45:00Z,2026-10-07T13:45:00Z,3600,,,,0,0,true,
297,,wait,2026-10-07T13:45:00Z,2026-10-07T14:45:00Z,3600,,,,0,0,true,
298,,wait,2026-10-07T14:45:00Z,2026-10-07T15:45:00Z,3600,,,,0,0,true,
299,,wait,2026-10-07T15:45:00Z,2026-10-07T16:45:00Z,3600,,,,0,0,true,
300,,wait,2026-10-07T16:45:00Z,2026-10-07T17:45:00Z,3600,,,,0,0,true,
301,,wait,2026-10-07T17:45:00Z,2026-10-07T18:45:00Z,3600,,,,0,0,true,
302,,wait,2026-10-07T18:45:00Z,2026-10-07T19:45:00Z,3600,,,,0,0,true,
303,,wait,2026-10-07T19:45:00Z,2026-10-07T20:45:00Z,3600,,,,0,0,true,
304,,wait,2026-10-07T20:45:00Z,2026-10-07T21:45:00Z,3600,,,,0,0,true,
305,,wait,2026-10-07T21:45:00Z,2026-10-07T22:45:00Z,3600,,,,0,0,true,
306,,wait,2026-10-07T22:45:00Z,2026-10-07T23:45:00Z,3600,,,,0,0,true,
307,,wait,2026-10-07T23:45:00Z,2026-10-08T00:15:00Z,1800,,,,0,0,true,
308,207,observe,2026-10-08T00:15:00Z,2026-10-08T01:05:00Z,3000,53.6034,98.2202,BACKUP,13,13,true,
309,208,observe,2026-10-08T01:05:00Z,2026-10-08T02:05:00Z,3600,68.2900,109.9554,BACKUP,8,8,true,
310,209,observe,2026-10-08T02:05:00Z,2026-10-08T02:35:00Z,1800,71.1294,124.0227,BACKUP,8,8,true,
311,210,observe,2026-10-08T02:35:00Z,2026-10-08T03:15:00Z,2400,52.5405,123.2118,BACKUP,9,9,true,
312,211,observe,2026-10-08T03:15:00Z,2026-10-08T03:20:00Z,300,77.4422,243.0867,BACKUP,12,12,true,
313,212,observe,2026-10-08T03:20:00Z,2026-10-08T04:00:00Z,2400,52.0898,154.2985,BACKUP,13,13,true,
314,213,observe,2026-10-08T04:00:00Z,2026-10-08T04:50:00Z,3000,71.9699,255.2034,BACKUP,12,12,true,
315,214,observe,2026-10-08T04:50:00Z,2026-10-08T04:55:00Z,300,62.2657,272.7130,BACKUP,12,12,true,
316,215,observe,2026-10-08T04:55:00Z,2026-10-08T05:45:00Z,3000,61.4204,242.2343,BACKUP,10,10,true,
317,216,observe,2026-10-08T05:45:00Z,2026-10-08T05:50:00Z,300,50.6669,267.3946,BACKUP,10,10,true,
318,217,observe,2026-10-08T05:50:00Z,2026-10-08T06:10:00Z,1200,44.2994,249.5861,BACKUP,9,9,true,
319,218,observe,2026-10-08T06:10:00Z,2026-10-08T07:00:00Z,3000,47.8943,265.3760,BACKUP,11,11,true,
320,219,observe,2026-10-08T07:00:00Z,2026-10-08T07:07:30Z,450,41.5100,255.1472,BACKUP,12,12,true,
321,220,observe,2026-10-08T07:07:30Z,2026-10-08T07:22:30Z,900,58.4062,207.7684,BACKUP,15,15,true,
322,221,observe,2026-10-08T07:22:30Z,2026-10-08T07:27:30Z,300,60.6808,223.5979,BACKUP,14,14,true,
323,222,observe,2026-10-08T07:27:30Z,2026-10-08T07:32:30Z,300,57.7491,205.0029,BACKUP,13,13,true,
324,223,observe,2026-10-08T07:32:30Z,2026-10-08T08:12:30Z,2400,58.4999,208.5546,BACKUP,12,12,true,
325,224,observe,2026-10-08T08:12:30Z,2026-10-08T08:27:30Z,900,51.3466,212.9833,BACKUP,11,11,true,
326,225,observe,2026-10-08T08:27:30Z,2026-10-08T08:32:30Z,300,46.7323,232.8285,BACKUP,10,10,true,
327,226,observe,2026-10-08T08:32:30Z,2026-10-08T08:37:30Z,300,51.7987,220.1647,BRIGHT,11,11,true,
328,227,observe,2026-10-08T08:37:30Z,2026-10-08T08:42:30Z,300,50.7270,219.3241,BRIGHT,8,8,true,
329,,wait,2026-10-08T08:42:30Z,2026-10-08T08:45:00Z,150,,,,0,0,true,
330,,wait,2026-10-08T08:45:00Z,2026-10-08T09:45:00Z,3600,,,,0,0,true,
331,,wait,2026-10-08T09:45:00Z,2026-10-08T10:45:00Z,3600,,,,0,0,true,
332,,wait,2026-10-08T10:45:00Z,2026-10-08T11:45:00Z,3600,,,,0,0,true,
333,,wait,2026-10-08T11:45:00Z,2026-10-08T12:45:00Z,3600,,,,0,0,true,
334,,wait,2026-10-08T12:45:00Z,2026-10-08T13:45:00Z,3600,,,,0,0,true,
335,,wait,2026-10-08T13:45:00Z,2026-10-08T14:45:00Z,3600,,,,0,0,true,
336,,wait,2026-10-08T14:45:00Z,2026-10-08T15:45:00Z,3600,,,,0,0,true,
337,,wait,2026-10-08T15:45:00Z,2026-10-08T16:45:00Z,3600,,,,0,0,true,
338,,wait,2026-10-08T16:45:00Z,2026-10-08T17:45:00Z,3600,,,,0,0,true,
339,,wait,2026-10-08T17:45:00Z,2026-10-08T18:45:00Z,3600,,,,0,0,true,
340,,wait,2026-10-08T18:45:00Z,2026-10-08T19:45:00Z,3600,,,,0,0,true,
341,,wait,2026-10-08T19:45:00Z,2026-10-08T20:45:00Z,3600,,,,0,0,true,
342,,wait,2026-10-08T20:45:00Z,2026-10-08T21:45:00Z,3600,,,,0,0,true,
343,,wait,2026-10-08T21:45:00Z,2026-10-08T22:45:00Z,3600,,,,0,0,true,
344,,wait,2026-10-08T22:45:00Z,2026-10-08T23:45:00Z,3600,,,,0,0,true,
345,,wait,2026-10-08T23:45:00Z,2026-10-09T00:15:00Z,1800,,,,0,0,true,
346,228,observe,2026-10-09T00:15:00Z,2026-10-09T01:05:00Z,3000,53.5728,90.9461,BACKUP,12,12,true,
347,229,observe,2026-10-09T01:05:00Z,2026-10-09T02:05:00Z,3600,72.4425,107.7435,BACKUP,12,12,true,
348,230,observe,2026-10-09T02:05:00Z,2026-10-09T02:30:00Z,1500,79.4087,150.9769,BACKUP,10,10,true,
349,231,observe,2026-10-09T02:30:00Z,2026-10-09T02:55:00Z,1500,51.7172,125.2110,BACKUP,8,8,true,
350,232,observe,2026-10-09T02:55:00Z,2026-10-09T03:10:00Z,900,51.4596,128.8664,BACKUP,12,12,true,
351,233,observe,2026-10-09T03:10:00Z,2026-10-09T04:00:00Z,3000,52.1639,143.5964,BACKUP,11,11,true,
352,234,observe,2026-10-09T04:00:00Z,2026-10-09T04:05:00Z,300,70.1131,273.0401,BACKUP,10,10,true,
353,235,observe,2026-10-09T04:05:00Z,2026-10-09T04:15:00Z,600,71.9344,242.4028,BRIGHT,10,10,true,
354,236,observe,2026-10-09T04:15:00Z,2026-10-09T04:45:00Z,1800,52.0853,151.2990,BACKUP,12,12,true,
355,237,observe,2026-10-09T04:45:00Z,2026-10-09T04:55:00Z,600,64.9419,259.6573,BACKUP,13,13,true,
356,238,observe,2026-10-09T04:55:00Z,2026-10-09T05:10:00Z,900,66.0243,256.9803,BACKUP,11,11,true,
357,239,observe,2026-10-09T05:10:00Z,2026-10-09T05:15:00Z,300,60.5537,262.8613,BACKUP,8,8,true,
358,240,observe,2026-10-09T05:15:00Z,2026-10-09T05:40:00Z,1500,53.1778,248.5819,BACKUP,11,11,true,
359,241,observe,2026-10-09T05:40:00Z,2026-10-09T06:40:00Z,3600,58.5783,250.1218,BACKUP,10,10,true,
360,242,observe,2026-10-09T06:40:00Z,2026-10-09T06:47:30Z,450,46.0147,252.1151,BACKUP,6,6,true,
361,243,observe,2026-10-09T06:47:30Z,2026-10-09T07:37:30Z,3000,42.4460,254.1878,BACKUP,9,9,true,
362,244,observe,2026-10-09T07:37:30Z,2026-10-09T07:42:30Z,300,50.4343,206.3583,BACKUP,10,10,true,
363,245,observe,2026-10-09T07:42:30Z,2026-10-09T07:47:30Z,300,50.3771,225.1943,BACKUP,13,13,true,
364,246,observe,2026-10-09T07:47:30Z,2026-10-09T08:17:30Z,1800,49.4614,227.1539,BACKUP,14,14,true,
365,247,observe,2026-10-09T08:17:30Z,2026-10-09T08:42:30Z,1500,57.6265,233.3299,BACKUP,15,15,true,
366,,wait,2026-10-09T08:42:30Z,2026-10-09T08:45:00Z,150,,,,0,0,true,
