decision_id,slot_id,action,tile_id,program,request_id,reason
D000001,N20260907-S001,observe,T00053,DARK,,reference feasible random policy
D000002,N20260907-S001,observe,T00057,BRIGHT,,reference feasible random policy
D000003,N20260907-S002,observe,T00056,DARK,,reference feasible random policy
D000004,N20260907-S003,observe,T00059,BRIGHT,,reference feasible random policy
D000005,N20260907-S004,observe,T00064,DARK,,reference feasible random policy
D000006,N20260907-S005,observe,T00048,BRIGHT,,reference feasible random policy
D000007,N20260907-S006,observe,T00049,DARK,,reference feasible random policy
D000008,N20260907-S007,observe,T00063,BRIGHT,,reference feasible random policy
D000009,N20260907-S008,observe,T00045,BRIGHT,,reference feasible random policy
D000010,N20260907-S009,observe,T00005,BRIGHT,,reference feasible random policy
D000011,N20260907-S010,observe,T00052,DARK,,reference feasible random policy
D000012,N20260907-S011,observe,T00047,BRIGHT,,reference feasible random policy
D000013,N20260907-S012,observe,T00004,BRIGHT,,reference feasible random policy
D000014,N20260907-S013,observe,T00003,DARK,,reference feasible random policy
D000015,N20260907-S014,observe,T00055,DARK,,reference feasible random policy
D000016,N20260907-S016,observe,T00062,DARK,RQ0001,reference feasible random policy
D000017,N20260907-S017,observe,T00002,BRIGHT,,reference feasible random policy
D000018,N20260907-S017,observe,T00058,DARK,,reference feasible random policy
D000019,N20260907-S018,observe,T00061,DARK,,reference feasible random policy
D000020,N20260907-S020,observe,T00008,DARK,,reference feasible random policy
D000021,N20260907-S021,observe,T00050,DARK,,reference feasible random policy
D000022,N20260907-S022,observe,T00006,DARK,,reference feasible random policy
D000023,N20260907-S024,observe,T00015,BRIGHT,,reference feasible random policy
D000024,N20260907-S025,observe,T00007,DARK,,reference feasible random policy
D000025,N20260907-S026,observe,T00010,DARK,,reference feasible random policy
D000026,N20260907-S027,observe,T00011,DARK,,reference feasible random policy
D000027,N20260907-S029,observe,T00014,BRIGHT,RQ0001,reference feasible random policy
D000028,N20260907-S030,observe,T00013,BRIGHT,RQ0001,reference feasible random policy
D000029,N20260907-S031,observe,T00060,DARK,,reference feasible random policy
D000030,N20260907-S031,observe,T00012,DARK,,reference feasible random policy
D000031,N20260907-S032,observe,T00020,BRIGHT,,reference feasible random policy
D000032,N20260907-S033,observe,T00021,BRIGHT,,reference feasible random policy
D000033,N20260907-S034,observe,T00016,BRIGHT,,reference feasible random policy
D000034,N20260907-S035,observe,T00019,BRIGHT,,reference feasible random policy
D000035,N20260907-S037,observe,T00023,BRIGHT,,reference feasible random policy
D000036,N20260907-S037,observe,T00024,BRIGHT,,reference feasible random policy
D000037,N20260908-S001,observe,T00051,DARK,,reference feasible random policy
D000038,N20260908-S002,observe,T00040,BRIGHT,,reference feasible random policy
D000039,N20260908-S003,observe,T00042,BRIGHT,,reference feasible random policy
D000040,N20260908-S004,observe,T00046,BRIGHT,,reference feasible random policy
D000041,N20260908-S004,observe,T00054,DARK,,reference feasible random policy
D000042,N20260908-S006,observe,T00043,BRIGHT,,reference feasible random policy
D000043,N20260908-S007,observe,T00059,DARK,,reference feasible random policy
D000044,N20260908-S007,observe,T00008,BRIGHT,,reference feasible random policy
D000045,N20260908-S009,observe,T00063,BRIGHT,,reference feasible random policy
D000046,N20260908-S010,observe,T00049,DARK,,reference feasible random policy
D000047,N20260908-S011,wait,,,,no open uncompleted candidate
D000048,N20260908-S012,observe,T00050,DARK,,reference feasible random policy
D000049,N20260908-S013,observe,T00048,BRIGHT,,reference feasible random policy
D000050,N20260908-S014,observe,T00057,DARK,,reference feasible random policy
D000051,N20260908-S014,observe,T00049,DARK,,reference feasible random policy
D000052,N20260908-S015,observe,T00002,BRIGHT,,reference feasible random policy
D000053,N20260908-S016,observe,T00004,DARK,,reference feasible random policy
D000054,N20260908-S017,observe,T00061,DARK,,reference feasible random policy
D000055,N20260908-S018,observe,T00005,DARK,,reference feasible random policy
D000056,N20260908-S019,observe,T00057,DARK,,reference feasible random policy
D000057,N20260908-S020,observe,T00005,DARK,,reference feasible random policy
D000058,N20260908-S021,observe,T00049,BRIGHT,,reference feasible random policy
D000059,N20260908-S023,observe,T00055,BRIGHT,,reference feasible random policy
D000060,N20260908-S024,observe,T00004,DARK,,reference feasible random policy
D000061,N20260908-S025,observe,T00002,DARK,,reference feasible random policy
D000062,N20260908-S025,observe,T00002,DARK,,reference feasible random policy
D000063,N20260908-S026,observe,T00008,DARK,,reference feasible random policy
D000064,N20260908-S027,observe,T00008,DARK,,reference feasible random policy
D000065,N20260908-S029,observe,T00003,DARK,,reference feasible random policy
D000066,N20260908-S030,observe,T00057,BRIGHT,,reference feasible random policy
D000067,N20260908-S031,observe,T00015,BRIGHT,,reference feasible random policy
D000068,N20260908-S032,observe,T00064,BRIGHT,,reference feasible random policy
D000069,N20260908-S033,observe,T00015,DARK,,reference feasible random policy
D000070,N20260908-S035,observe,T00016,DARK,,reference feasible random policy
D000071,N20260908-S036,observe,T00024,BRIGHT,,reference feasible random policy
D000072,N20260908-S037,observe,T00024,BRIGHT,,reference feasible random policy
D000073,N20260909-S001,observe,T00037,BRIGHT,,reference feasible random policy
D000074,N20260909-S001,observe,T00044,BRIGHT,,reference feasible random policy
D000075,N20260909-S002,observe,T00050,DARK,,reference feasible random policy
D000076,N20260909-S003,observe,T00053,DARK,,reference feasible random policy
D000077,N20260909-S004,observe,T00045,DARK,,reference feasible random policy
D000078,N20260909-S004,observe,T00052,DARK,,reference feasible random policy
D000079,N20260909-S006,observe,T00053,DARK,,reference feasible random policy
D000080,N20260909-S006,observe,T00003,BRIGHT,,reference feasible random policy
D000081,N20260909-S008,observe,T00054,DARK,,reference feasible random policy
D000082,N20260909-S009,observe,T00008,BRIGHT,,reference feasible random policy
D000083,N20260909-S011,observe,T00045,BRIGHT,,reference feasible random policy
D000084,N20260909-S011,observe,T00047,BRIGHT,,reference feasible random policy
D000085,N20260909-S012,observe,T00062,DARK,RQ0001,reference feasible random policy
D000086,N20260909-S013,observe,T00005,DARK,,reference feasible random policy
D000087,N20260909-S014,observe,T00002,DARK,,reference feasible random policy
D000088,N20260909-S015,observe,T00003,DARK,,reference feasible random policy
D000089,N20260909-S016,observe,T00056,BRIGHT,,reference feasible random policy
D000090,N20260909-S017,observe,T00058,DARK,,reference feasible random policy
D000091,N20260909-S018,observe,T00007,DARK,,reference feasible random policy
D000092,N20260909-S018,observe,T00064,DARK,,reference feasible random policy
D000093,N20260909-S019,observe,T00061,DARK,,reference feasible random policy
D000094,N20260909-S021,observe,T00008,DARK,,reference feasible random policy
D000095,N20260909-S022,observe,T00059,DARK,,reference feasible random policy
D000096,N20260909-S023,observe,T00060,DARK,,reference feasible random policy
D000097,N20260909-S024,observe,T00008,DARK,,reference feasible random policy
D000098,N20260909-S025,observe,T00006,DARK,,reference feasible random policy
D000099,N20260909-S026,observe,T00057,DARK,,reference feasible random policy
D000100,N20260909-S027,observe,T00064,DARK,,reference feasible random policy
D000101,N20260909-S028,observe,T00016,BRIGHT,,reference feasible random policy
D000102,N20260909-S029,observe,T00005,DARK,,reference feasible random policy
D000103,N20260909-S031,observe,T00015,DARK,,reference feasible random policy
D000104,N20260909-S032,observe,T00016,DARK,,reference feasible random policy
D000105,N20260909-S033,observe,T00008,DARK,,reference feasible random policy
D000106,N20260909-S035,observe,T00002,BRIGHT,,reference feasible random policy
D000107,N20260909-S035,observe,T00011,DARK,,reference feasible random policy
D000108,N20260909-S037,observe,T00024,BRIGHT,,reference feasible random policy
D000109,N20260910-S001,observe,T00040,BRIGHT,,reference feasible random policy
D000110,N20260910-S002,observe,T00042,BRIGHT,,reference feasible random policy
D000111,N20260910-S003,observe,T00049,DARK,,reference feasible random policy
D000112,N20260910-S004,observe,T00047,DARK,,reference feasible random policy
D000113,N20260910-S005,observe,T00055,DARK,,reference feasible random policy
D000114,N20260910-S007,observe,T00060,DARK,,reference feasible random policy
D000115,N20260910-S007,observe,T00060,DARK,,reference feasible random policy
D000116,N20260910-S008,observe,T00059,DARK,,reference feasible random policy
D000117,N20260910-S009,observe,T00008,BRIGHT,,reference feasible random policy
D000118,N20260910-S010,observe,T00005,BRIGHT,,reference feasible random policy
D000119,N20260910-S012,observe,T00006,DARK,,reference feasible random policy
D000120,N20260910-S013,observe,T00008,DARK,,reference feasible random policy
D000121,N20260910-S014,observe,T00054,DARK,,reference feasible random policy
D000122,N20260910-S016,observe,T00049,DARK,,reference feasible random policy
D000123,N20260910-S017,observe,T00002,DARK,,reference feasible random policy
D000124,N20260910-S018,observe,T00063,DARK,,reference feasible random policy
D000125,N20260910-S019,observe,T00054,DARK,,reference feasible random policy
D000126,N20260910-S020,observe,T00049,DARK,,reference feasible random policy
D000127,N20260910-S021,observe,T00055,DARK,,reference feasible random policy
D000128,N20260910-S023,observe,T00004,DARK,,reference feasible random policy
D000129,N20260910-S023,observe,T00004,DARK,,reference feasible random policy
D000130,N20260910-S024,observe,T00004,DARK,,reference feasible random policy
D000131,N20260910-S025,observe,T00008,DARK,,reference feasible random policy
D000132,N20260910-S026,observe,T00062,DARK,RQ0001,reference feasible random policy
D000133,N20260910-S027,observe,T00064,DARK,,reference feasible random policy
D000134,N20260910-S028,observe,T00010,DARK,,reference feasible random policy
D000135,N20260910-S030,observe,T00002,DARK,,reference feasible random policy
D000136,N20260910-S030,observe,T00061,BRIGHT,,reference feasible random policy
D000137,N20260910-S032,observe,T00014,DARK,RQ0001,reference feasible random policy
D000138,N20260910-S033,observe,T00014,DARK,RQ0001,reference feasible random policy
D000139,N20260910-S035,observe,T00058,DARK,,reference feasible random policy
D000140,N20260910-S036,observe,T00019,BRIGHT,,reference feasible random policy
D000141,N20260910-S037,observe,T00006,DARK,,reference feasible random policy
D000142,N20260911-S001,observe,T00059,BRIGHT,,reference feasible random policy
D000143,N20260911-S001,observe,T00056,DARK,,reference feasible random policy
D000144,N20260911-S003,observe,T00061,DARK,,reference feasible random policy
D000145,N20260911-S004,observe,T00046,BRIGHT,,reference feasible random policy
D000146,N20260911-S005,observe,T00055,DARK,,reference feasible random policy
D000147,N20260911-S006,observe,T00046,BRIGHT,,reference feasible random policy
D000148,N20260911-S007,observe,T00061,DARK,,reference feasible random policy
D000149,N20260911-S008,observe,T00043,BRIGHT,,reference feasible random policy
D000150,N20260911-S009,observe,T00050,DARK,,reference feasible random policy
D000151,N20260911-S010,observe,T00047,BRIGHT,,reference feasible random policy
D000152,N20260911-S011,observe,T00059,DARK,,reference feasible random policy
D000153,N20260911-S012,observe,T00048,BRIGHT,,reference feasible random policy
D000154,N20260911-S013,observe,T00064,DARK,,reference feasible random policy
D000155,N20260911-S014,observe,T00008,DARK,,reference feasible random policy
D000156,N20260911-S015,observe,T00007,DARK,,reference feasible random policy
D000157,N20260911-S016,observe,T00063,DARK,,reference feasible random policy
D000158,N20260911-S017,observe,T00060,DARK,,reference feasible random policy
D000159,N20260911-S018,observe,T00008,DARK,,reference feasible random policy
D000160,N20260911-S019,observe,T00055,DARK,,reference feasible random policy
D000161,N20260911-S021,observe,T00059,DARK,,reference feasible random policy
D000162,N20260911-S021,observe,T00063,DARK,,reference feasible random policy
D000163,N20260911-S022,observe,T00004,DARK,,reference feasible random policy
D000164,N20260911-S023,observe,T00055,BRIGHT,,reference feasible random policy
D000165,N20260911-S025,observe,T00003,DARK,,reference feasible random policy
D000166,N20260911-S026,observe,T00005,DARK,,reference feasible random policy
D000167,N20260911-S027,observe,T00005,DARK,,reference feasible random policy
D000168,N20260911-S029,observe,T00003,DARK,,reference feasible random policy
D000169,N20260911-S030,observe,T00059,BRIGHT,,reference feasible random policy
D000170,N20260911-S031,observe,T00011,DARK,,reference feasible random policy
D000171,N20260911-S032,observe,T00010,DARK,,reference feasible random policy
D000172,N20260911-S034,observe,T00015,DARK,,reference feasible random policy
D000173,N20260911-S035,observe,T00011,DARK,,reference feasible random policy
D000174,N20260911-S036,observe,T00016,DARK,,reference feasible random policy
D000175,N20260911-S038,observe,T00021,DARK,,reference feasible random policy
D000176,N20260912-S001,observe,T00036,BRIGHT,,reference feasible random policy
D000177,N20260912-S002,observe,T00057,BRIGHT,,reference feasible random policy
D000178,N20260912-S002,observe,T00046,BRIGHT,,reference feasible random policy
D000179,N20260912-S003,observe,T00045,DARK,,reference feasible random policy
D000180,N20260912-S003,observe,T00047,DARK,,reference feasible random policy
D000181,N20260912-S004,observe,T00050,DARK,,reference feasible random policy
D000182,N20260912-S005,observe,T00057,BRIGHT,,reference feasible random policy
D000183,N20260912-S006,observe,T00060,BRIGHT,,reference feasible random policy
D000184,N20260912-S006,observe,T00063,BRIGHT,,reference feasible random policy
D000185,N20260912-S007,observe,T00060,BRIGHT,,reference feasible random policy
D000186,N20260912-S008,observe,T00059,DARK,,reference feasible random policy
D000187,N20260912-S009,observe,T00006,BRIGHT,,reference feasible random policy
D000188,N20260912-S010,observe,T00049,DARK,,reference feasible random policy
D000189,N20260912-S011,observe,T00045,BRIGHT,,reference feasible random policy
D000190,N20260912-S012,observe,T00047,BRIGHT,,reference feasible random policy
D000191,N20260912-S013,observe,T00064,DARK,,reference feasible random policy
D000192,N20260912-S014,observe,T00002,BRIGHT,,reference feasible random policy
D000193,N20260912-S014,observe,T00004,BRIGHT,,reference feasible random policy
D000194,N20260912-S015,observe,T00049,DARK,,reference feasible random policy
D000195,N20260912-S016,observe,T00055,DARK,,reference feasible random policy
D000196,N20260912-S018,observe,T00057,DARK,,reference feasible random policy
D000197,N20260912-S018,observe,T00010,BRIGHT,,reference feasible random policy
D000198,N20260912-S019,observe,T00003,DARK,,reference feasible random policy
D000199,N20260912-S021,observe,T00003,DARK,,reference feasible random policy
D000200,N20260912-S022,observe,T00007,DARK,,reference feasible random policy
D000201,N20260912-S023,observe,T00015,BRIGHT,,reference feasible random policy
D000202,N20260912-S025,observe,T00050,BRIGHT,,reference feasible random policy
D000203,N20260912-S026,observe,T00061,BRIGHT,,reference feasible random policy
D000204,N20260912-S027,observe,T00062,BRIGHT,RQ0001,reference feasible random policy
D000205,N20260912-S028,observe,T00006,DARK,,reference feasible random policy
D000206,N20260912-S029,observe,T00004,DARK,,reference feasible random policy
D000207,N20260912-S030,observe,T00014,BRIGHT,RQ0001,reference feasible random policy
D000208,N20260912-S032,observe,T00006,DARK,,reference feasible random policy
D000209,N20260912-S033,observe,T00020,BRIGHT,,reference feasible random policy
D000210,N20260912-S034,observe,T00013,BRIGHT,RQ0001,reference feasible random policy
D000211,N20260912-S034,observe,T00021,BRIGHT,,reference feasible random policy
D000212,N20260912-S035,observe,T00024,BACKUP,,reference feasible random policy
D000213,N20260912-S037,observe,T00006,BRIGHT,,reference feasible random policy
D000214,N20260912-S038,observe,T00058,BRIGHT,,reference feasible random policy
D000215,N20260912-S039,observe,T00022,BACKUP,,reference feasible random policy
D000216,N20260913-S001,observe,T00036,BACKUP,,reference feasible random policy
D000217,N20260913-S002,observe,T00057,BRIGHT,,reference feasible random policy
D000218,N20260913-S002,observe,T00053,BRIGHT,,reference feasible random policy
D000219,N20260913-S003,observe,T00052,BRIGHT,,reference feasible random policy
D000220,N20260913-S004,observe,T00043,BRIGHT,,reference feasible random policy
D000221,N20260913-S005,observe,T00003,BACKUP,,reference feasible random policy
D000222,N20260913-S006,observe,T00062,BRIGHT,RQ0001,reference feasible random policy
D000223,N20260913-S007,observe,T00061,DARK,,reference feasible random policy
D000224,N20260913-S009,observe,T00006,BRIGHT,,reference feasible random policy
D000225,N20260913-S010,observe,T00056,BRIGHT,,reference feasible random policy
D000226,N20260913-S012,observe,T00004,BRIGHT,,reference feasible random policy
D000227,N20260913-S012,observe,T00064,DARK,,reference feasible random policy
D000228,N20260913-S013,observe,T00050,DARK,,reference feasible random policy
D000229,N20260913-S014,observe,T00050,DARK,,reference feasible random policy
D000230,N20260913-S015,observe,T00006,DARK,,reference feasible random policy
D000231,N20260913-S017,observe,T00004,BRIGHT,,reference feasible random policy
D000232,N20260913-S017,observe,T00004,DARK,,reference feasible random policy
D000233,N20260913-S018,observe,T00057,DARK,,reference feasible random policy
D000234,N20260913-S019,observe,T00062,DARK,RQ0001,reference feasible random policy
D000235,N20260913-S020,observe,T00054,BRIGHT,,reference feasible random policy
D000236,N20260913-S021,observe,T00003,DARK,,reference feasible random policy
D000237,N20260913-S022,observe,T00006,DARK,,reference feasible random policy
D000238,N20260913-S024,observe,T00015,BRIGHT,,reference feasible random policy
D000239,N20260913-S025,observe,T00050,BRIGHT,,reference feasible random policy
D000240,N20260913-S026,observe,T00004,BRIGHT,,reference feasible random policy
D000241,N20260913-S027,observe,T00059,BRIGHT,,reference feasible random policy
D000242,N20260913-S028,observe,T00004,DARK,,reference feasible random policy
D000243,N20260913-S028,observe,T00050,BACKUP,,reference feasible random policy
D000244,N20260913-S029,observe,T00002,BRIGHT,,reference feasible random policy
D000245,N20260913-S030,observe,T00057,BRIGHT,,reference feasible random policy
D000246,N20260913-S030,observe,T00060,BRIGHT,,reference feasible random policy
D000247,N20260913-S031,observe,T00002,BRIGHT,,reference feasible random policy
D000248,N20260913-S031,observe,T00061,BACKUP,,reference feasible random policy
D000249,N20260913-S033,observe,T00015,BRIGHT,,reference feasible random policy
D000250,N20260913-S034,observe,T00015,BRIGHT,,reference feasible random policy
D000251,N20260913-S036,observe,T00024,BACKUP,,reference feasible random policy
D000252,N20260913-S037,observe,T00002,BACKUP,,reference feasible random policy
D000253,N20260913-S037,observe,T00005,BRIGHT,,reference feasible random policy
D000254,N20260913-S039,observe,T00030,BACKUP,,reference feasible random policy
D000255,N20260913-S039,observe,T00022,BACKUP,,reference feasible random policy
D000256,N20260914-S001,observe,T00061,BRIGHT,,reference feasible random policy
D000257,N20260914-S002,observe,T00045,BRIGHT,,reference feasible random policy
D000258,N20260914-S003,observe,T00051,DARK,,reference feasible random policy
D000259,N20260914-S004,observe,T00055,DARK,,reference feasible random policy
D000260,N20260914-S005,observe,T00053,DARK,,reference feasible random policy
D000261,N20260914-S006,observe,T00054,DARK,,reference feasible random policy
D000262,N20260914-S007,observe,T00063,BRIGHT,,reference feasible random policy
D000263,N20260914-S008,observe,T00063,BRIGHT,,reference feasible random policy
D000264,N20260914-S009,observe,T00059,DARK,,reference feasible random policy
D000265,N20260914-S010,observe,T00055,DARK,,reference feasible random policy
D000266,N20260914-S011,observe,T00054,BRIGHT,,reference feasible random policy
D000267,N20260914-S013,observe,T00055,DARK,,reference feasible random policy
D000268,N20260914-S014,observe,T00057,DARK,,reference feasible random policy
D000269,N20260914-S015,observe,T00004,BRIGHT,,reference feasible random policy
D000270,N20260914-S015,observe,T00058,DARK,,reference feasible random policy
D000271,N20260914-S016,observe,T00059,DARK,,reference feasible random policy
D000272,N20260914-S017,observe,T00002,BRIGHT,,reference feasible random policy
D000273,N20260914-S018,observe,T00050,BRIGHT,,reference feasible random policy
D000274,N20260914-S019,observe,T00063,BRIGHT,,reference feasible random policy
D000275,N20260914-S020,observe,T00004,BRIGHT,,reference feasible random policy
D000276,N20260914-S020,observe,T00059,DARK,,reference feasible random policy
D000277,N20260914-S021,observe,T00002,BRIGHT,,reference feasible random policy
D000278,N20260914-S021,observe,T00010,BRIGHT,,reference feasible random policy
D000279,N20260914-S023,observe,T00005,DARK,,reference feasible random policy
D000280,N20260914-S024,observe,T00059,BRIGHT,,reference feasible random policy
D000281,N20260914-S025,observe,T00064,BRIGHT,,reference feasible random policy
D000282,N20260914-S026,observe,T00059,BRIGHT,,reference feasible random policy
D000283,N20260914-S026,observe,T00011,BRIGHT,,reference feasible random policy
D000284,N20260914-S028,observe,T00002,BRIGHT,,reference feasible random policy
D000285,N20260914-S028,observe,T00015,BRIGHT,,reference feasible random policy
D000286,N20260914-S030,observe,T00012,BRIGHT,,reference feasible random policy
D000287,N20260914-S030,observe,T00006,BRIGHT,,reference feasible random policy
D000288,N20260914-S032,observe,T00063,BACKUP,,reference feasible random policy
D000289,N20260914-S033,observe,T00062,BACKUP,,reference feasible random policy
D000290,N20260914-S034,observe,T00008,BRIGHT,,reference feasible random policy
D000291,N20260914-S035,observe,T00021,BACKUP,,reference feasible random policy
D000292,N20260914-S036,observe,T00007,BRIGHT,,reference feasible random policy
D000293,N20260914-S037,observe,T00013,BRIGHT,,reference feasible random policy
D000294,N20260914-S037,observe,T00020,BRIGHT,,reference feasible random policy
D000295,N20260914-S038,observe,T00021,BRIGHT,,reference feasible random policy
D000296,N20260914-S039,observe,T00022,BACKUP,,reference feasible random policy
D000297,N20260915-S001,observe,T00051,DARK,,reference feasible random policy
D000298,N20260915-S002,observe,T00054,DARK,,reference feasible random policy
D000299,N20260915-S003,observe,T00051,DARK,,reference feasible random policy
D000300,N20260915-S005,observe,T00049,DARK,,reference feasible random policy
D000301,N20260915-S006,observe,T00062,DARK,,reference feasible random policy
D000302,N20260915-S007,observe,T00053,BRIGHT,,reference feasible random policy
D000303,N20260915-S007,observe,T00064,DARK,,reference feasible random policy
D000304,N20260915-S008,observe,T00047,BRIGHT,,reference feasible random policy
D000305,N20260915-S009,observe,T00047,BRIGHT,,reference feasible random policy
D000306,N20260915-S010,observe,T00051,BRIGHT,,reference feasible random policy
D000307,N20260915-S012,observe,T00048,BRIGHT,,reference feasible random policy
D000308,N20260915-S013,observe,T00059,DARK,,reference feasible random policy
D000309,N20260915-S013,observe,T00050,DARK,,reference feasible random policy
D000310,N20260915-S014,observe,T00008,BRIGHT,,reference feasible random policy
D000311,N20260915-S016,observe,T00006,BRIGHT,,reference feasible random policy
D000312,N20260915-S017,observe,T00006,BRIGHT,,reference feasible random policy
D000313,N20260915-S019,observe,T00059,DARK,,reference feasible random policy
D000314,N20260915-S019,observe,T00054,BRIGHT,,reference feasible random policy
D000315,N20260915-S021,observe,T00003,DARK,,reference feasible random policy
D000316,N20260915-S022,observe,T00004,BRIGHT,,reference feasible random policy
D000317,N20260915-S023,observe,T00011,BRIGHT,,reference feasible random policy
D000318,N20260915-S024,observe,T00007,DARK,,reference feasible random policy
D000319,N20260915-S025,observe,T00005,DARK,,reference feasible random policy
D000320,N20260915-S026,observe,T00058,BRIGHT,,reference feasible random policy
D000321,N20260915-S027,observe,T00059,BRIGHT,,reference feasible random policy
D000322,N20260915-S028,observe,T00011,BRIGHT,,reference feasible random policy
D000323,N20260915-S029,observe,T00008,DARK,,reference feasible random policy
D000324,N20260915-S031,observe,T00016,BRIGHT,,reference feasible random policy
D000325,N20260915-S032,observe,T00015,BRIGHT,,reference feasible random policy
D000326,N20260915-S033,observe,T00062,BACKUP,,reference feasible random policy
D000327,N20260915-S034,observe,T00021,BRIGHT,,reference feasible random policy
D000328,N20260915-S035,observe,T00020,BRIGHT,,reference feasible random policy
D000329,N20260915-S036,wait,,,,no open uncompleted candidate
D000330,N20260915-S037,observe,T00014,BRIGHT,,reference feasible random policy
D000331,N20260915-S038,observe,T00058,BRIGHT,,reference feasible random policy
D000332,N20260915-S039,observe,T00022,BACKUP,,reference feasible random policy
D000333,N20260916-S001,observe,T00052,BRIGHT,,reference feasible random policy
D000334,N20260916-S002,observe,T00045,BRIGHT,,reference feasible random policy
D000335,N20260916-S002,observe,T00043,BRIGHT,,reference feasible random policy
D000336,N20260916-S003,observe,T00051,BRIGHT,,reference feasible random policy
D000337,N20260916-S005,observe,T00062,BRIGHT,,reference feasible random policy
D000338,N20260916-S006,observe,T00008,BACKUP,,reference feasible random policy
D000339,N20260916-S007,observe,T00062,BRIGHT,,reference feasible random policy
D000340,N20260916-S008,observe,T00063,BRIGHT,,reference feasible random policy
D000341,N20260916-S009,observe,T00049,BRIGHT,,reference feasible random policy
D000342,N20260916-S011,observe,T00059,BRIGHT,,reference feasible random policy
D000343,N20260916-S011,observe,T00052,BRIGHT,,reference feasible random policy
D000344,N20260916-S013,observe,T00050,BRIGHT,,reference feasible random policy
D000345,N20260916-S014,observe,T00061,BRIGHT,,reference feasible random policy
D000346,N20260916-S015,observe,T00060,BRIGHT,,reference feasible random policy
D000347,N20260916-S016,observe,T00002,BRIGHT,,reference feasible random policy
D000348,N20260916-S016,observe,T00063,BRIGHT,,reference feasible random policy
D000349,N20260916-S017,observe,T00006,BRIGHT,,reference feasible random policy
D000350,N20260916-S019,observe,T00055,BRIGHT,,reference feasible random policy
D000351,N20260916-S020,observe,T00058,BRIGHT,,reference feasible random policy
D000352,N20260916-S021,observe,T00008,BRIGHT,,reference feasible random policy
D000353,N20260916-S023,observe,T00002,BRIGHT,,reference feasible random policy
D000354,N20260916-S023,observe,T00011,BRIGHT,,reference feasible random policy
D000355,N20260916-S024,observe,T00010,BRIGHT,,reference feasible random policy
D000356,N20260916-S026,wait,,,,no open uncompleted candidate
D000357,N20260916-S027,wait,,,,no open uncompleted candidate
D000358,N20260916-S028,wait,,,,no open uncompleted candidate
D000359,N20260916-S029,observe,T00006,BRIGHT,,reference feasible random policy
D000360,N20260916-S030,observe,T00003,BRIGHT,,reference feasible random policy
D000361,N20260916-S031,observe,T00062,BACKUP,,reference feasible random policy
D000362,N20260916-S032,observe,T00005,BRIGHT,,reference feasible random policy
D000363,N20260916-S034,observe,T00019,BACKUP,,reference feasible random policy
D000364,N20260916-S035,observe,T00005,BRIGHT,,reference feasible random policy
D000365,N20260916-S037,observe,T00024,BRIGHT,,reference feasible random policy
D000366,N20260916-S038,observe,T00015,BRIGHT,,reference feasible random policy
D000367,N20260916-S039,observe,T00018,BACKUP,,reference feasible random policy
D000368,N20260917-S001,observe,T00049,BRIGHT,,reference feasible random policy
D000369,N20260917-S002,observe,T00049,BRIGHT,,reference feasible random policy
D000370,N20260917-S003,observe,T00057,BRIGHT,,reference feasible random policy
D000371,N20260917-S004,observe,T00051,BRIGHT,,reference feasible random policy
D000372,N20260917-S005,observe,T00048,BRIGHT,,reference feasible random policy
D000373,N20260917-S006,wait,,,,no open uncompleted candidate
D000374,N20260917-S007,observe,T00063,BACKUP,,reference feasible random policy
D000375,N20260917-S008,observe,T00003,BACKUP,,reference feasible random policy
D000376,N20260917-S009,observe,T00056,BRIGHT,,reference feasible random policy
D000377,N20260917-S011,observe,T00059,BRIGHT,,reference feasible random policy
D000378,N20260917-S011,observe,T00063,BRIGHT,,reference feasible random policy
D000379,N20260917-S012,observe,T00003,BRIGHT,,reference feasible random policy
D000380,N20260917-S014,observe,T00007,BACKUP,,reference feasible random policy
D000381,N20260917-S014,observe,T00010,BACKUP,,reference feasible random policy
D000382,N20260917-S016,observe,T00049,BRIGHT,,reference feasible random policy
D000383,N20260917-S017,observe,T00053,BACKUP,,reference feasible random policy
D000384,N20260917-S018,observe,T00062,BRIGHT,,reference feasible random policy
D000385,N20260917-S019,observe,T00060,BRIGHT,,reference feasible random policy
D000386,N20260917-S019,observe,T00060,BRIGHT,,reference feasible random policy
D000387,N20260917-S020,observe,T00063,BRIGHT,,reference feasible random policy
D000388,N20260917-S021,observe,T00007,BRIGHT,,reference feasible random policy
D000389,N20260917-S022,observe,T00055,BACKUP,,reference feasible random policy
D000390,N20260917-S023,observe,T00010,BRIGHT,,reference feasible random policy
D000391,N20260917-S024,observe,T00004,BRIGHT,,reference feasible random policy
D000392,N20260917-S025,observe,T00057,BRIGHT,,reference feasible random policy
D000393,N20260917-S026,observe,T00050,BACKUP,,reference feasible random policy
D000394,N20260917-S027,observe,T00006,BRIGHT,,reference feasible random policy
D000395,N20260917-S028,observe,T00050,BACKUP,,reference feasible random policy
D000396,N20260917-S029,observe,T00050,BACKUP,,reference feasible random policy
D000397,N20260917-S030,observe,T00008,BRIGHT,,reference feasible random policy
D000398,N20260917-S031,observe,T00062,BACKUP,,reference feasible random policy
D000399,N20260917-S032,observe,T00002,BACKUP,,reference feasible random policy
D000400,N20260917-S033,observe,T00015,BRIGHT,,reference feasible random policy
D000401,N20260917-S034,observe,T00023,BACKUP,,reference feasible random policy
D000402,N20260917-S035,observe,T00024,BACKUP,,reference feasible random policy
D000403,N20260917-S036,observe,T00021,BRIGHT,,reference feasible random policy
D000404,N20260917-S037,observe,T00014,BRIGHT,,reference feasible random policy
D000405,N20260917-S039,observe,T00022,BACKUP,,reference feasible random policy
D000406,N20260918-S001,observe,T00053,BRIGHT,,reference feasible random policy
D000407,N20260918-S001,observe,T00064,BRIGHT,,reference feasible random policy
D000408,N20260918-S002,observe,T00049,BRIGHT,,reference feasible random policy
D000409,N20260918-S003,observe,T00045,BRIGHT,,reference feasible random policy
D000410,N20260918-S004,observe,T00063,BACKUP,,reference feasible random policy
D000411,N20260918-S005,observe,T00064,BRIGHT,,reference feasible random policy
D000412,N20260918-S006,observe,T00043,BACKUP,,reference feasible random policy
D000413,N20260918-S007,observe,T00047,BRIGHT,,reference feasible random policy
D000414,N20260918-S008,observe,T00048,BRIGHT,,reference feasible random policy
D000415,N20260918-S009,observe,T00053,BRIGHT,,reference feasible random policy
D000416,N20260918-S009,observe,T00006,BRIGHT,,reference feasible random policy
D000417,N20260918-S011,observe,T00050,BRIGHT,,reference feasible random policy
D000418,N20260918-S012,observe,T00058,BRIGHT,,reference feasible random policy
D000419,N20260918-S013,observe,T00050,BRIGHT,,reference feasible random policy
D000420,N20260918-S014,observe,T00049,BRIGHT,,reference feasible random policy
D000421,N20260918-S015,observe,T00064,BRIGHT,,reference feasible random policy
D000422,N20260918-S016,observe,T00002,BRIGHT,,reference feasible random policy
D000423,N20260918-S017,observe,T00054,BACKUP,,reference feasible random policy
D000424,N20260918-S018,observe,T00060,BRIGHT,,reference feasible random policy
D000425,N20260918-S019,observe,T00004,BRIGHT,,reference feasible random policy
D000426,N20260918-S019,observe,T00003,BRIGHT,,reference feasible random policy
D000427,N20260918-S021,observe,T00059,BRIGHT,,reference feasible random policy
D000428,N20260918-S021,observe,T00049,BACKUP,,reference feasible random policy
D000429,N20260918-S023,observe,T00061,BRIGHT,,reference feasible random policy
D000430,N20260918-S024,observe,T00058,BRIGHT,,reference feasible random policy
D000431,N20260918-S025,observe,T00011,BRIGHT,,reference feasible random policy
D000432,N20260918-S027,observe,T00058,BRIGHT,,reference feasible random policy
D000433,N20260918-S028,observe,T00002,BRIGHT,,reference feasible random policy
D000434,N20260918-S028,observe,T00008,BRIGHT,,reference feasible random policy
D000435,N20260918-S030,observe,T00004,BRIGHT,,reference feasible random policy
D000436,N20260918-S030,observe,T00016,BRIGHT,,reference feasible random policy
D000437,N20260918-S032,observe,T00003,BRIGHT,,reference feasible random policy
D000438,N20260918-S033,observe,T00007,BRIGHT,,reference feasible random policy
D000439,N20260918-S034,observe,T00023,BACKUP,,reference feasible random policy
D000440,N20260918-S034,observe,T00013,BRIGHT,,reference feasible random policy
D000441,N20260918-S035,observe,T00006,BRIGHT,,reference feasible random policy
D000442,N20260918-S036,observe,T00021,BRIGHT,,reference feasible random policy
D000443,N20260918-S037,observe,T00007,BRIGHT,,reference feasible random policy
D000444,N20260918-S038,observe,T00022,BACKUP,,reference feasible random policy
D000445,N20260918-S039,observe,T00018,BACKUP,,reference feasible random policy
D000446,N20260919-S001,observe,T00058,BACKUP,,reference feasible random policy
D000447,N20260919-S002,observe,T00061,BRIGHT,,reference feasible random policy
D000448,N20260919-S003,observe,T00043,BRIGHT,,reference feasible random policy
D000449,N20260919-S004,observe,T00050,BRIGHT,,reference feasible random policy
D000450,N20260919-S005,observe,T00055,BRIGHT,,reference feasible random policy
D000451,N20260919-S007,observe,T00057,BRIGHT,,reference feasible random policy
D000452,N20260919-S007,observe,T00058,BRIGHT,,reference feasible random policy
D000453,N20260919-S008,observe,T00050,BRIGHT,,reference feasible random policy
D000454,N20260919-S009,observe,T00062,BRIGHT,,reference feasible random policy
D000455,N20260919-S010,observe,T00057,BRIGHT,,reference feasible random policy
D000456,N20260919-S011,observe,T00061,BRIGHT,,reference feasible random policy
D000457,N20260919-S012,observe,T00007,BACKUP,,reference feasible random policy
D000458,N20260919-S013,observe,T00056,BACKUP,,reference feasible random policy
D000459,N20260919-S014,observe,T00058,BRIGHT,,reference feasible random policy
D000460,N20260919-S015,observe,T00060,BRIGHT,,reference feasible random policy
D000461,N20260919-S016,observe,T00049,BRIGHT,,reference feasible random policy
D000462,N20260919-S017,observe,T00050,BRIGHT,,reference feasible random policy
D000463,N20260919-S018,observe,T00055,BRIGHT,,reference feasible random policy
D000464,N20260919-S020,observe,T00063,BRIGHT,,reference feasible random policy
D000465,N20260919-S021,observe,T00008,BRIGHT,,reference feasible random policy
D000466,N20260919-S022,wait,,,,no open uncompleted candidate
D000467,N20260919-S023,wait,,,,no open uncompleted candidate
D000468,N20260919-S024,observe,T00012,BACKUP,,reference feasible random policy
D000469,N20260919-S024,observe,T00006,BRIGHT,,reference feasible random policy
D000470,N20260919-S025,observe,T00061,BRIGHT,,reference feasible random policy
D000471,N20260919-S027,observe,T00058,BRIGHT,,reference feasible random policy
D000472,N20260919-S028,observe,T00011,BRIGHT,,reference feasible random policy
D000473,N20260919-S029,observe,T00061,BACKUP,,reference feasible random policy
D000474,N20260919-S031,observe,T00021,BACKUP,,reference feasible random policy
D000475,N20260919-S032,observe,T00008,BRIGHT,,reference feasible random policy
D000476,N20260919-S033,observe,T00016,BRIGHT,,reference feasible random policy
D000477,N20260919-S034,observe,T00023,BACKUP,,reference feasible random policy
D000478,N20260919-S035,observe,T00005,BRIGHT,,reference feasible random policy
D000479,N20260919-S036,observe,T00023,BRIGHT,,reference feasible random policy
D000480,N20260919-S037,observe,T00003,BRIGHT,,reference feasible random policy
D000481,N20260919-S039,observe,T00018,BACKUP,,reference feasible random policy
D000482,N20260920-S001,observe,T00042,BRIGHT,,reference feasible random policy
D000483,N20260920-S002,observe,T00060,BACKUP,,reference feasible random policy
D000484,N20260920-S003,observe,T00043,BRIGHT,,reference feasible random policy
D000485,N20260920-S004,observe,T00059,BRIGHT,,reference feasible random policy
D000486,N20260920-S004,observe,T00055,DARK,,reference feasible random policy
D000487,N20260920-S006,observe,T00057,BRIGHT,,reference feasible random policy
D000488,N20260920-S006,observe,T00059,BRIGHT,,reference feasible random policy
D000489,N20260920-S007,observe,T00008,BRIGHT,,reference feasible random policy
D000490,N20260920-S008,observe,T00056,BRIGHT,,reference feasible random policy
D000491,N20260920-S010,observe,T00004,BACKUP,,reference feasible random policy
D000492,N20260920-S011,observe,T00063,BRIGHT,,reference feasible random policy
D000493,N20260920-S012,observe,T00007,BACKUP,,reference feasible random policy
D000494,N20260920-S012,observe,T00004,BRIGHT,,reference feasible random policy
D000495,N20260920-S013,observe,T00058,BRIGHT,,reference feasible random policy
D000496,N20260920-S014,observe,T00056,BACKUP,,reference feasible random policy
D000497,N20260920-S015,observe,T00055,BRIGHT,,reference feasible random policy
D000498,N20260920-S017,observe,T00057,DARK,,reference feasible random policy
D000499,N20260920-S017,observe,T00011,BACKUP,,reference feasible random policy
D000500,N20260920-S019,observe,T00010,BRIGHT,,reference feasible random policy
D000501,N20260920-S020,observe,T00059,BRIGHT,,reference feasible random policy
D000502,N20260920-S021,observe,T00059,BRIGHT,,reference feasible random policy
D000503,N20260920-S021,observe,T00006,DARK,,reference feasible random policy
D000504,N20260920-S023,observe,T00015,BRIGHT,,reference feasible random policy
D000505,N20260920-S024,wait,,,,no open uncompleted candidate
D000506,N20260920-S025,observe,T00057,BRIGHT,,reference feasible random policy
D000507,N20260920-S025,observe,T00059,BRIGHT,,reference feasible random policy
D000508,N20260920-S026,observe,T00060,BRIGHT,,reference feasible random policy
D000509,N20260920-S026,observe,T00014,BACKUP,,reference feasible random policy
D000510,N20260920-S028,observe,T00005,BRIGHT,,reference feasible random policy
D000511,N20260920-S029,observe,T00008,BRIGHT,,reference feasible random policy
D000512,N20260920-S031,observe,T00016,BRIGHT,,reference feasible random policy
D000513,N20260920-S032,observe,T00058,BRIGHT,,reference feasible random policy
D000514,N20260920-S033,observe,T00002,BRIGHT,,reference feasible random policy
D000515,N20260920-S034,observe,T00011,DARK,,reference feasible random policy
D000516,N20260920-S035,observe,T00006,BRIGHT,,reference feasible random policy
D000517,N20260920-S036,observe,T00003,BRIGHT,,reference feasible random policy
D000518,N20260920-S038,observe,T00004,BRIGHT,,reference feasible random policy
D000519,N20260920-S038,observe,T00010,BRIGHT,,reference feasible random policy
D000520,N20260921-S001,observe,T00047,BRIGHT,,reference feasible random policy
D000521,N20260921-S002,observe,T00051,BRIGHT,,reference feasible random policy
D000522,N20260921-S003,observe,T00003,BACKUP,,reference feasible random policy
D000523,N20260921-S004,observe,T00052,BRIGHT,,reference feasible random policy
D000524,N20260921-S006,observe,T00052,BRIGHT,,reference feasible random policy
D000525,N20260921-S007,observe,T00001,BACKUP,,reference feasible random policy
D000526,N20260921-S009,observe,T00045,BACKUP,,reference feasible random policy
D000527,N20260921-S009,observe,T00060,BRIGHT,,reference feasible random policy
D000528,N20260921-S010,observe,T00058,BRIGHT,,reference feasible random policy
D000529,N20260921-S011,observe,T00004,BRIGHT,,reference feasible random policy
D000530,N20260921-S011,observe,T00056,BRIGHT,,reference feasible random policy
D000531,N20260921-S013,observe,T00061,DARK,,reference feasible random policy
D000532,N20260921-S014,observe,T00004,BRIGHT,,reference feasible random policy
D000533,N20260921-S015,observe,T00060,BRIGHT,,reference feasible random policy
D000534,N20260921-S016,observe,T00063,BRIGHT,,reference feasible random policy
D000535,N20260921-S017,observe,T00010,BRIGHT,,reference feasible random policy
D000536,N20260921-S018,observe,T00007,BRIGHT,,reference feasible random policy
D000537,N20260921-S019,observe,T00061,BRIGHT,,reference feasible random policy
D000538,N20260921-S020,observe,T00058,BRIGHT,,reference feasible random policy
D000539,N20260921-S021,observe,T00001,BRIGHT,,reference feasible random policy
D000540,N20260921-S023,observe,T00050,BRIGHT,,reference feasible random policy
D000541,N20260921-S024,observe,T00064,BRIGHT,,reference feasible random policy
D000542,N20260921-S025,observe,T00050,BACKUP,,reference feasible random policy
D000543,N20260921-S026,observe,T00059,BRIGHT,,reference feasible random policy
D000544,N20260921-S026,observe,T00062,BRIGHT,,reference feasible random policy
D000545,N20260921-S027,observe,T00006,BRIGHT,,reference feasible random policy
D000546,N20260921-S029,observe,T00059,BACKUP,,reference feasible random policy
D000547,N20260921-S029,observe,T00007,BRIGHT,,reference feasible random policy
D000548,N20260921-S030,observe,T00062,BACKUP,,reference feasible random policy
D000549,N20260921-S031,observe,T00058,BRIGHT,,reference feasible random policy
D000550,N20260921-S032,observe,T00060,BACKUP,,reference feasible random policy
D000551,N20260921-S033,observe,T00007,BRIGHT,,reference feasible random policy
D000552,N20260921-S033,observe,T00020,BRIGHT,,reference feasible random policy
D000553,N20260921-S034,observe,T00007,BRIGHT,,reference feasible random policy
D000554,N20260921-S035,observe,T00021,BRIGHT,,reference feasible random policy
D000555,N20260921-S036,observe,T00058,BRIGHT,,reference feasible random policy
D000556,N20260921-S037,observe,T00024,BRIGHT,,reference feasible random policy
D000557,N20260921-S038,observe,T00007,BRIGHT,,reference feasible random policy
D000558,N20260921-S039,observe,T00011,DARK,,reference feasible random policy
D000559,N20260922-S001,observe,T00055,BRIGHT,,reference feasible random policy
D000560,N20260922-S002,observe,T00047,BRIGHT,,reference feasible random policy
D000561,N20260922-S003,observe,T00054,BRIGHT,,reference feasible random policy
D000562,N20260922-S004,observe,T00063,BACKUP,,reference feasible random policy
D000563,N20260922-S005,observe,T00051,BACKUP,,reference feasible random policy
D000564,N20260922-S007,observe,T00045,BACKUP,,reference feasible random policy
D000565,N20260922-S007,observe,T00045,BACKUP,,reference feasible random policy
D000566,N20260922-S008,observe,T00045,BACKUP,,reference feasible random policy
D000567,N20260922-S008,observe,T00006,BACKUP,,reference feasible random policy
D000568,N20260922-S010,observe,T00005,BACKUP,,reference feasible random policy
D000569,N20260922-S011,observe,T00008,BACKUP,,reference feasible random policy
D000570,N20260922-S012,observe,T00005,BACKUP,,reference feasible random policy
D000571,N20260922-S014,observe,T00003,BRIGHT,,reference feasible random policy
D000572,N20260922-S015,observe,T00010,BACKUP,,reference feasible random policy
D000573,N20260922-S017,observe,T00055,BACKUP,,reference feasible random policy
D000574,N20260922-S018,observe,T00004,BRIGHT,,reference feasible random policy
D000575,N20260922-S019,observe,T00058,BRIGHT,,reference feasible random policy
D000576,N20260922-S020,observe,T00059,BACKUP,,reference feasible random policy
D000577,N20260922-S020,observe,T00062,BACKUP,,reference feasible random policy
D000578,N20260922-S021,observe,T00005,BRIGHT,,reference feasible random policy
D000579,N20260922-S023,observe,T00007,BRIGHT,,reference feasible random policy
D000580,N20260922-S023,observe,T00050,BACKUP,,reference feasible random policy
D000581,N20260922-S024,observe,T00064,BACKUP,,reference feasible random policy
D000582,N20260922-S025,observe,T00001,BACKUP,,reference feasible random policy
D000583,N20260922-S027,observe,T00004,BRIGHT,,reference feasible random policy
D000584,N20260922-S028,observe,T00007,BACKUP,,reference feasible random policy
D000585,N20260922-S028,observe,T00061,BACKUP,,reference feasible random policy
D000586,N20260922-S030,observe,T00063,BACKUP,,reference feasible random policy
D000587,N20260922-S031,wait,,,,no open uncompleted candidate
D000588,N20260922-S032,observe,T00013,BACKUP,,reference feasible random policy
D000589,N20260922-S032,observe,T00013,BACKUP,,reference feasible random policy
D000590,N20260922-S033,observe,T00004,BRIGHT,,reference feasible random policy
D000591,N20260922-S033,observe,T00062,BACKUP,,reference feasible random policy
D000592,N20260922-S034,observe,T00020,BACKUP,,reference feasible random policy
D000593,N20260922-S035,observe,T00013,BACKUP,,reference feasible random policy
D000594,N20260922-S036,observe,T00021,BACKUP,,reference feasible random policy
D000595,N20260922-S037,observe,T00010,BRIGHT,,reference feasible random policy
D000596,N20260922-S038,observe,T00005,BACKUP,,reference feasible random policy
D000597,N20260922-S039,observe,T00021,BRIGHT,,reference feasible random policy
D000598,N20260923-S001,observe,T00046,BACKUP,RQ0002,reference feasible random policy
D000599,N20260923-S001,observe,T00042,BACKUP,,reference feasible random policy
D000600,N20260923-S002,observe,T00043,BACKUP,,reference feasible random policy
D000601,N20260923-S003,wait,,,,no open uncompleted candidate
D000602,N20260923-S004,wait,,,,no open uncompleted candidate
D000603,N20260923-S005,wait,,,,no open uncompleted candidate
D000604,N20260923-S006,observe,T00060,BACKUP,,reference feasible random policy
D000605,N20260923-S006,observe,T00061,BRIGHT,,reference feasible random policy
D000606,N20260923-S008,observe,T00058,BACKUP,,reference feasible random policy
D000607,N20260923-S009,observe,T00060,BACKUP,,reference feasible random policy
D000608,N20260923-S009,observe,T00055,BRIGHT,,reference feasible random policy
D000609,N20260923-S011,observe,T00005,BACKUP,,reference feasible random policy
D000610,N20260923-S012,observe,T00007,BACKUP,,reference feasible random policy
D000611,N20260923-S013,observe,T00006,BRIGHT,,reference feasible random policy
D000612,N20260923-S014,observe,T00004,BRIGHT,,reference feasible random policy
D000613,N20260923-S015,observe,T00007,BRIGHT,,reference feasible random policy
D000614,N20260923-S016,observe,T00006,BRIGHT,,reference feasible random policy
D000615,N20260923-S017,observe,T00006,BRIGHT,,reference feasible random policy
D000616,N20260923-S018,observe,T00011,BACKUP,,reference feasible random policy
D000617,N20260923-S020,observe,T00004,BRIGHT,,reference feasible random policy
D000618,N20260923-S020,observe,T00063,BACKUP,,reference feasible random policy
D000619,N20260923-S021,observe,T00002,BRIGHT,,reference feasible random policy
D000620,N20260923-S022,observe,T00005,BRIGHT,,reference feasible random policy
D000621,N20260923-S023,observe,T00058,BRIGHT,,reference feasible random policy
D000622,N20260923-S024,observe,T00003,BRIGHT,,reference feasible random policy
D000623,N20260923-S026,observe,T00004,BRIGHT,,reference feasible random policy
D000624,N20260923-S026,observe,T00012,BRIGHT,,reference feasible random policy
D000625,N20260923-S027,observe,T00015,BRIGHT,,reference feasible random policy
D000626,N20260923-S028,observe,T00016,BRIGHT,,reference feasible random policy
D000627,N20260923-S030,observe,T00015,BRIGHT,,reference feasible random policy
D000628,N20260923-S031,observe,T00021,BRIGHT,,reference feasible random policy
D000629,N20260923-S032,observe,T00013,BRIGHT,,reference feasible random policy
D000630,N20260923-S033,observe,T00015,BRIGHT,,reference feasible random policy
D000631,N20260923-S034,observe,T00007,BRIGHT,,reference feasible random policy
D000632,N20260923-S035,observe,T00024,BRIGHT,,reference feasible random policy
D000633,N20260923-S036,observe,T00014,BRIGHT,,reference feasible random policy
D000634,N20260923-S038,observe,T00003,BRIGHT,,reference feasible random policy
D000635,N20260923-S039,observe,T00030,BACKUP,,reference feasible random policy
D000636,N20260923-S040,observe,T00004,BRIGHT,,reference feasible random policy
D000637,N20260923-S040,observe,T00011,DARK,,reference feasible random policy
D000638,N20260924-S001,observe,T00048,BACKUP,,reference feasible random policy
