component_id,vertex_index,ra_deg,dec_deg
C00,0,220.000000,3.610769
C00,1,223.021365,3.356064
C00,2,225.924547,2.481522
C00,3,228.560259,1.005847
C00,4,230.818999,-0.966939
C00,5,232.672806,-3.291822
C00,6,234.166162,-5.849857
C00,7,235.357223,-8.592999
C00,8,236.241527,-11.534184
C00,9,236.703430,-14.683430
C00,10,236.528654,-17.965156
C00,11,235.482753,-21.166258
C00,12,233.432766,-23.952500
C00,13,230.464965,-25.962782
C00,14,226.922790,-26.953204
C00,15,223.296279,-26.918309
C00,16,220.000000,-26.102904
C00,17,217.195470,-24.880867
C00,18,214.777898,-23.572469
C00,19,212.508569,-22.304703
C00,20,210.198302,-20.981608
C00,21,207.847570,-19.371484
C00,22,205.675178,-17.261152
C00,23,204.022326,-14.591479
C00,24,203.195470,-11.501507
C00,25,203.344513,-8.270231
C00,26,204.429112,-5.204370
C00,27,206.264034,-2.535134
C00,28,208.607091,-0.367786
C00,29,211.248196,1.301588
C00,30,214.059953,2.519840
C00,31,216.988694,3.304496
C01,0,350.000000,-13.044491
C01,1,352.910400,-13.599953
C01,2,355.575952,-14.762862
C01,3,357.861375,-16.429430
C01,4,359.680977,-18.452935
C01,5,1.011149,-20.675488
C01,6,1.886078,-22.961640
C01,7,2.377428,-25.223317
C01,8,2.563123,-27.428351
C01,9,2.494379,-29.590315
C01,10,2.171339,-31.743667
C01,11,1.534767,-33.912713
C01,12,0.475979,-36.083596
C01,13,358.863601,-38.186169
C01,14,356.585267,-40.089722
C01,15,353.601379,-41.615125
C01,16,350.000000,-42.565211
C01,17,346.025621,-42.771025
C01,18,342.047571,-42.141447
C01,19,338.463473,-40.694120
C01,20,335.586701,-38.550901
C01,21,333.581965,-35.901605
C01,22,332.469198,-32.956295
C01,23,332.169372,-29.905428
C01,24,332.558157,-26.896964
C01,25,333.508803,-24.031437
C01,26,334.918744,-21.372143
C01,27,336.719297,-18.965046
C01,28,338.869429,-16.860497
C01,29,341.337160,-15.127815
C01,30,344.075749,-13.855796
C01,31,347.004095,-13.137531
C02,0,35.000000,-34.221293
C02,1,38.246050,-34.348749
C02,2,41.384516,-35.088623
C02,3,44.245745,-36.383684
C02,4,46.713803,-38.098909
C02,5,48.757540,-40.073047
C02,6,50.420835,-42.177340
C02,7,51.769931,-44.351288
C02,8,52.819416,-46.596250
C02,9,53.475426,-48.931026
C02,10,53.529446,-51.334879
C02,11,52.714729,-53.709254
C02,12,50.816647,-55.880249
C02,13,47.803123,-57.647568
C02,14,43.897409,-58.862676
C02,15,39.502516,-59.490152
C02,16,35.000000,-59.600698
C02,17,30.599746,-59.293856
C02,18,26.375742,-58.612803
C02,19,22.425803,-57.520071
C02,20,18.984669,-55.950924
C02,21,16.379109,-53.899652
C02,22,14.870336,-51.469722
C02,23,14.528950,-48.853411
C02,24,15.225703,-46.263942
C02,25,16.707924,-43.866339
C02,26,18.698143,-41.739362
C02,27,20.975767,-39.879477
C02,28,23.422627,-38.241240
C02,29,26.021500,-36.794475
C02,30,28.810365,-35.569581
C02,31,31.815804,-34.666441
