decision_id,slot_id,action,tile_id,program,request_id,reason
D000001,N20260907-S001,observe,T00040,BRIGHT,,global assignment
D000002,N20260907-S002,observe,T00044,BRIGHT,,global assignment
D000003,N20260907-S017,observe,T00062,DARK,RQ0001,global assignment
D000004,N20260907-S019,observe,T00063,DARK,,global assignment
D000005,N20260907-S036,observe,T00014,DARK,RQ0001,global assignment
D000006,N20260908-S001,observe,T00036,BRIGHT,,global assignment
D000007,N20260908-S025,observe,T00003,DARK,,global assignment
D000008,N20260908-S029,observe,T00004,DARK,,global assignment
D000009,N20260908-S030,observe,T00008,DARK,,global assignment
D000010,N20260908-S037,observe,T00013,DARK,RQ0001,global assignment
D000011,N20260909-S001,observe,T00046,DARK,,global assignment
D000012,N20260909-S001,observe,T00037,BRIGHT,,global assignment
D000013,N20260909-S002,observe,T00052,DARK,,global assignment
D000014,N20260909-S004,observe,T00047,DARK,,global assignment
D000015,N20260909-S005,observe,T00048,DARK,,global assignment
D000016,N20260909-S006,observe,T00056,DARK,,global assignment
D000017,N20260909-S008,observe,T00053,DARK,,global assignment
D000018,N20260909-S010,observe,T00050,DARK,,global assignment
D000019,N20260909-S012,observe,T00059,DARK,,global assignment
D000020,N20260909-S013,observe,T00061,DARK,,global assignment
D000021,N20260909-S015,observe,T00064,DARK,,global assignment
D000022,N20260909-S021,observe,T00060,DARK,,global assignment
D000023,N20260909-S022,observe,T00006,DARK,,global assignment
D000024,N20260909-S024,observe,T00005,DARK,,global assignment
D000025,N20260909-S026,observe,T00002,DARK,,global assignment
D000026,N20260909-S034,observe,T00015,DARK,,global assignment
D000027,N20260909-S036,observe,T00012,DARK,,global assignment
D000028,N20260909-S037,observe,T00020,DARK,,global assignment
D000029,N20260911-S001,observe,T00043,DARK,,global assignment
D000030,N20260911-S002,observe,T00045,DARK,,global assignment
D000031,N20260911-S003,observe,T00051,DARK,,global assignment
D000032,N20260911-S037,observe,T00024,BRIGHT,,global assignment
D000033,N20260914-S001,observe,T00042,BRIGHT,,global assignment
D000034,N20260914-S003,observe,T00046,DARK,RQ0002,global assignment
D000035,N20260914-S004,observe,T00055,DARK,,global assignment
D000036,N20260914-S006,observe,T00054,DARK,,global assignment
D000037,N20260914-S028,observe,T00010,DARK,,global assignment
D000038,N20260914-S030,observe,T00007,DARK,,global assignment
D000039,N20260914-S033,observe,T00011,DARK,,global assignment
D000040,N20260914-S037,observe,T00021,DARK,,global assignment
D000041,N20260914-S038,observe,T00016,DARK,,global assignment
D000042,N20260915-S008,observe,T00049,DARK,,global assignment
D000043,N20260915-S010,observe,T00057,DARK,,global assignment
D000044,N20260915-S036,observe,T00019,DARK,,global assignment
D000045,N20260915-S038,observe,T00023,DARK,,global assignment
D000046,N20260915-S039,observe,T00030,BRIGHT,,global assignment
D000047,N20260922-S017,observe,T00058,DARK,,global assignment
D000048,N20260922-S019,observe,T00001,DARK,,global assignment
D000049,N20260922-S039,observe,T00022,BRIGHT,,global assignment
D000050,N20260928-S001,observe,T00050,BRIGHT,RQ0003,global assignment
D000051,N20261004-S042,observe,T00012,BRIGHT,RQ0004,global assignment
D000052,N20261005-S008,observe,T00004,BACKUP,RQ0004,global assignment
D000053,N20261019-S001,observe,T00063,BACKUP,RQ0005,global assignment
D000054,N20261025-S042,observe,T00018,BRIGHT,,global assignment
D000055,N20261109-S001,observe,T00002,BACKUP,RQ0006,global assignment
D000056,N20261111-S041,observe,T00031,BRIGHT,,global assignment
D000057,N20261112-S044,observe,T00027,BRIGHT,,global assignment
D000058,N20261115-S044,observe,T00026,BRIGHT,,global assignment
D000059,N20261115-S046,observe,T00029,DARK,,global assignment
D000060,N20261118-S043,observe,T00032,BRIGHT,,global assignment
D000061,N20261118-S044,observe,T00028,BRIGHT,,global assignment
D000062,N20261122-S046,observe,T00012,BACKUP,RQ0007,global assignment
D000063,N20261130-S001,observe,T00006,BRIGHT,RQ0008,global assignment
D000064,N20261130-S028,observe,T00027,BACKUP,RQ0008,global assignment
D000065,N20261204-S021,observe,T00009,DARK,RQ0008,global assignment
D000066,N20261206-S047,observe,T00038,DARK,,global assignment
D000067,N20261207-S001,observe,T00061,DARK,RQ0009,global assignment
D000068,N20261212-S046,observe,T00035,BRIGHT,,global assignment
D000069,N20261212-S047,observe,T00034,DARK,,global assignment
D000070,N20261213-S047,observe,T00022,DARK,RQ0010,global assignment
D000071,N20261218-S024,observe,T00017,BRIGHT,,global assignment
D000072,N20261221-S001,observe,T00050,BRIGHT,RQ0011,global assignment
D000073,N20270104-S001,observe,T00062,BACKUP,RQ0012,global assignment
D000074,N20270110-S047,observe,T00032,BRIGHT,RQ0013,global assignment
D000075,N20270111-S001,observe,T00014,BRIGHT,RQ0013,global assignment
D000076,N20270111-S003,observe,T00059,BRIGHT,RQ0013,global assignment
D000077,N20270117-S047,observe,T00035,DARK,RQ0014,global assignment
D000078,N20270118-S001,observe,T00016,BACKUP,RQ0014,global assignment
D000079,N20270118-S032,observe,T00036,BRIGHT,RQ0014,global assignment
D000080,N20270124-S045,observe,T00036,DARK,RQ0015,repair revisit
D000081,N20270131-S005,observe,T00025,DARK,,global assignment
D000082,N20270131-S045,observe,T00037,DARK,RQ0016,global assignment
D000083,N20270131-S045,observe,T00030,BRIGHT,RQ0016,global assignment
D000084,N20270207-S044,observe,T00037,DARK,RQ0017,global assignment
D000085,N20270208-S002,observe,T00025,BRIGHT,RQ0017,global assignment
D000086,N20270215-S001,observe,T00008,BRIGHT,RQ0018,global assignment
D000087,N20270220-S042,observe,T00055,BRIGHT,RQ0018,global assignment
D000088,N20270225-S036,observe,T00039,DARK,,global assignment
D000089,N20270225-S038,observe,T00033,DARK,,global assignment
D000090,N20270225-S043,observe,T00041,DARK,,global assignment
